  0
SECTION
  2
HEADER
  9
$ACADVER
  1
AC1027
  9
$ACADMAINTVER
 70
   105
  9
$DWGCODEPAGE
  3
ANSI_1252
  9
$LASTSAVEDBY
  1
Erdrick
  9
$REQUIREDVERSIONS
160
                 0
  9
$INSBASE
 10
0.0
 20
0.0
 30
0.0
  9
$EXTMIN
 10
-36.82152181863785
 20
-36.82170063257217
 30
0.0000020954757929
  9
$EXTMAX
 10
36.8218794465065
 20
36.82170063257217
 30
0.0000020954757929
  9
$LIMMIN
 10
0.0
 20
0.0
  9
$LIMMAX
 10
12.0
 20
9.0
  9
$ORTHOMODE
 70
     0
  9
$REGENMODE
 70
     1
  9
$FILLMODE
 70
     1
  9
$QTEXTMODE
 70
     0
  9
$MIRRTEXT
 70
     1
  9
$LTSCALE
 40
1.0
  9
$ATTMODE
 70
     1
  9
$TEXTSIZE
 40
1.0
  9
$TRACEWID
 40
0.05
  9
$TEXTSTYLE
  7
Standard
  9
$CLAYER
  8
0
  9
$CELTYPE
  6
ByLayer
  9
$CECOLOR
 62
   256
  9
$CELTSCALE
 40
1.0
  9
$DISPSILH
 70
     0
  9
$DIMSCALE
 40
1.0
  9
$DIMASZ
 40
0.18
  9
$DIMEXO
 40
0.0625
  9
$DIMDLI
 40
0.38
  9
$DIMRND
 40
0.0
  9
$DIMDLE
 40
0.0
  9
$DIMEXE
 40
0.18
  9
$DIMTP
 40
0.0
  9
$DIMTM
 40
0.0
  9
$DIMTXT
 40
0.18
  9
$DIMCEN
 40
0.09
  9
$DIMTSZ
 40
0.0
  9
$DIMTOL
 70
     0
  9
$DIMLIM
 70
     0
  9
$DIMTIH
 70
     1
  9
$DIMTOH
 70
     1
  9
$DIMSE1
 70
     0
  9
$DIMSE2
 70
     0
  9
$DIMTAD
 70
     0
  9
$DIMZIN
 70
     0
  9
$DIMBLK
  1

  9
$DIMASO
 70
     1
  9
$DIMSHO
 70
     1
  9
$DIMPOST
  1

  9
$DIMAPOST
  1

  9
$DIMALT
 70
     0
  9
$DIMALTD
 70
     2
  9
$DIMALTF
 40
25.4
  9
$DIMLFAC
 40
1.0
  9
$DIMTOFL
 70
     0
  9
$DIMTVP
 40
0.0
  9
$DIMTIX
 70
     0
  9
$DIMSOXD
 70
     0
  9
$DIMSAH
 70
     0
  9
$DIMBLK1
  1

  9
$DIMBLK2
  1

  9
$DIMSTYLE
  2
Standard
  9
$DIMCLRD
 70
     0
  9
$DIMCLRE
 70
     0
  9
$DIMCLRT
 70
     0
  9
$DIMTFAC
 40
1.0
  9
$DIMGAP
 40
0.09
  9
$DIMJUST
 70
     0
  9
$DIMSD1
 70
     0
  9
$DIMSD2
 70
     0
  9
$DIMTOLJ
 70
     1
  9
$DIMTZIN
 70
     0
  9
$DIMALTZ
 70
     0
  9
$DIMALTTZ
 70
     0
  9
$DIMUPT
 70
     0
  9
$DIMDEC
 70
     4
  9
$DIMTDEC
 70
     4
  9
$DIMALTU
 70
     2
  9
$DIMALTTD
 70
     2
  9
$DIMTXSTY
  7
Standard
  9
$DIMAUNIT
 70
     0
  9
$DIMADEC
 70
     0
  9
$DIMALTRND
 40
0.0
  9
$DIMAZIN
 70
     0
  9
$DIMDSEP
 70
    46
  9
$DIMATFIT
 70
     3
  9
$DIMFRAC
 70
     0
  9
$DIMLDRBLK
  1

  9
$DIMLUNIT
 70
     2
  9
$DIMLWD
 70
    -2
  9
$DIMLWE
 70
    -2
  9
$DIMTMOVE
 70
     0
  9
$DIMFXL
 40
1.0
  9
$DIMFXLON
 70
     0
  9
$DIMJOGANG
 40
0.7853981633974483
  9
$DIMTFILL
 70
     0
  9
$DIMTFILLCLR
 70
     0
  9
$DIMARCSYM
 70
     0
  9
$DIMLTYPE
  6

  9
$DIMLTEX1
  6

  9
$DIMLTEX2
  6

  9
$DIMTXTDIRECTION
 70
     0
  9
$LUNITS
 70
     2
  9
$LUPREC
 70
     4
  9
$SKETCHINC
 40
0.1
  9
$FILLETRAD
 40
0.0
  9
$AUNITS
 70
     0
  9
$AUPREC
 70
     0
  9
$MENU
  1
.
  9
$ELEVATION
 40
0.0
  9
$PELEVATION
 40
0.0
  9
$THICKNESS
 40
0.0
  9
$LIMCHECK
 70
     0
  9
$CHAMFERA
 40
0.0
  9
$CHAMFERB
 40
0.0
  9
$CHAMFERC
 40
0.0
  9
$CHAMFERD
 40
0.0
  9
$SKPOLY
 70
     0
  9
$TDCREATE
 40
2460807.979843912
  9
$TDUCREATE
 40
2460807.896510579
  9
$TDUPDATE
 40
2460807.979844363
  9
$TDUUPDATE
 40
2460807.89651103
  9
$TDINDWG
 40
0.0000000116
  9
$TDUSRTIMER
 40
0.0000000116
  9
$USRTIMER
 70
     1
  9
$ANGBASE
 50
0.0
  9
$ANGDIR
 70
     0
  9
$PDMODE
 70
     0
  9
$PDSIZE
 40
0.0
  9
$PLINEWID
 40
0.0
  9
$SPLFRAME
 70
     0
  9
$SPLINETYPE
 70
     6
  9
$SPLINESEGS
 70
     8
  9
$HANDSEED
  5
26B
  9
$SURFTAB1
 70
     6
  9
$SURFTAB2
 70
     6
  9
$SURFTYPE
 70
     6
  9
$SURFU
 70
     6
  9
$SURFV
 70
     6
  9
$UCSBASE
  2

  9
$UCSNAME
  2

  9
$UCSORG
 10
0.0
 20
0.0
 30
0.0
  9
$UCSXDIR
 10
1.0
 20
0.0
 30
0.0
  9
$UCSYDIR
 10
0.0
 20
1.0
 30
0.0
  9
$UCSORTHOREF
  2

  9
$UCSORTHOVIEW
 70
     0
  9
$UCSORGTOP
 10
0.0
 20
0.0
 30
0.0
  9
$UCSORGBOTTOM
 10
0.0
 20
0.0
 30
0.0
  9
$UCSORGLEFT
 10
0.0
 20
0.0
 30
0.0
  9
$UCSORGRIGHT
 10
0.0
 20
0.0
 30
0.0
  9
$UCSORGFRONT
 10
0.0
 20
0.0
 30
0.0
  9
$UCSORGBACK
 10
0.0
 20
0.0
 30
0.0
  9
$PUCSBASE
  2

  9
$PUCSNAME
  2

  9
$PUCSORG
 10
0.0
 20
0.0
 30
0.0
  9
$PUCSXDIR
 10
1.0
 20
0.0
 30
0.0
  9
$PUCSYDIR
 10
0.0
 20
1.0
 30
0.0
  9
$PUCSORTHOREF
  2

  9
$PUCSORTHOVIEW
 70
     0
  9
$PUCSORGTOP
 10
0.0
 20
0.0
 30
0.0
  9
$PUCSORGBOTTOM
 10
0.0
 20
0.0
 30
0.0
  9
$PUCSORGLEFT
 10
0.0
 20
0.0
 30
0.0
  9
$PUCSORGRIGHT
 10
0.0
 20
0.0
 30
0.0
  9
$PUCSORGFRONT
 10
0.0
 20
0.0
 30
0.0
  9
$PUCSORGBACK
 10
0.0
 20
0.0
 30
0.0
  9
$USERI1
 70
     0
  9
$USERI2
 70
     0
  9
$USERI3
 70
     0
  9
$USERI4
 70
     0
  9
$USERI5
 70
     0
  9
$USERR1
 40
0.0
  9
$USERR2
 40
0.0
  9
$USERR3
 40
0.0
  9
$USERR4
 40
0.0
  9
$USERR5
 40
0.0
  9
$WORLDVIEW
 70
     1
  9
$SHADEDGE
 70
     3
  9
$SHADEDIF
 70
    70
  9
$TILEMODE
 70
     1
  9
$MAXACTVP
 70
    64
  9
$PINSBASE
 10
0.0
 20
0.0
 30
0.0
  9
$PLIMCHECK
 70
     0
  9
$PEXTMIN
 10
1.000000000000000E+20
 20
1.000000000000000E+20
 30
1.000000000000000E+20
  9
$PEXTMAX
 10
-1.000000000000000E+20
 20
-1.000000000000000E+20
 30
-1.000000000000000E+20
  9
$PLIMMIN
 10
-0.25
 20
-0.25
  9
$PLIMMAX
 10
10.75
 20
8.25
  9
$UNITMODE
 70
     0
  9
$VISRETAIN
 70
     1
  9
$PLINEGEN
 70
     0
  9
$PSLTSCALE
 70
     1
  9
$TREEDEPTH
 70
  3020
  9
$CMLSTYLE
  2
Standard
  9
$CMLJUST
 70
     0
  9
$CMLSCALE
 40
1.0
  9
$PROXYGRAPHICS
 70
     1
  9
$MEASUREMENT
 70
     0
  9
$CELWEIGHT
370
    -1
  9
$ENDCAPS
280
     0
  9
$JOINSTYLE
280
     0
  9
$LWDISPLAY
290
     0
  9
$INSUNITS
 70
     0
  9
$HYPERLINKBASE
  1

  9
$STYLESHEET
  1

  9
$XEDIT
290
     1
  9
$CEPSNTYPE
380
     0
  9
$PSTYLEMODE
290
     1
  9
$FINGERPRINTGUID
  2
{5d3e47a7-d4b8-42e2-b06f-c17df138dc98}
  9
$VERSIONGUID
  2
{FAEB1C32-E019-11D5-929B-00C0DF256EC4}
  9
$EXTNAMES
290
     1
  9
$PSVPSCALE
 40
0.0
  9
$OLESTARTUP
290
     0
  9
$SORTENTS
280
   127
  9
$INDEXCTL
280
     0
  9
$HIDETEXT
280
     1
  9
$XCLIPFRAME
280
     2
  9
$HALOGAP
280
     0
  9
$OBSCOLOR
 70
   257
  9
$OBSLTYPE
280
     0
  9
$INTERSECTIONDISPLAY
280
     0
  9
$INTERSECTIONCOLOR
 70
   257
  9
$DIMASSOC
280
     2
  9
$PROJECTNAME
  1

  9
$CAMERADISPLAY
290
     0
  9
$LENSLENGTH
 40
50.0
  9
$CAMERAHEIGHT
 40
0.0
  9
$STEPSPERSEC
 40
2.0
  9
$STEPSIZE
 40
6.0
  9
$3DDWFPREC
 40
2.0
  9
$PSOLWIDTH
 40
0.25
  9
$PSOLHEIGHT
 40
4.0
  9
$LOFTANG1
 40
1.570796326794897
  9
$LOFTANG2
 40
1.570796326794897
  9
$LOFTMAG1
 40
0.0
  9
$LOFTMAG2
 40
0.0
  9
$LOFTPARAM
 70
     7
  9
$LOFTNORMALS
280
     1
  9
$LATITUDE
 40
37.795
  9
$LONGITUDE
 40
-122.394
  9
$NORTHDIRECTION
 40
0.0
  9
$TIMEZONE
 70
 -8000
  9
$LIGHTGLYPHDISPLAY
280
     1
  9
$TILEMODELIGHTSYNCH
280
     1
  9
$CMATERIAL
347
1D7
  9
$SOLIDHIST
280
     0
  9
$SHOWHIST
280
     1
  9
$DWFFRAME
280
     2
  9
$DGNFRAME
280
     2
  9
$REALWORLDSCALE
290
     1
  9
$INTERFERECOLOR
 62
   256
  9
$CSHADOW
280
     0
  9
$SHADOWPLANELOCATION
 40
0.0
  0
ENDSEC
  0
SECTION
  2
CLASSES
  0
CLASS
  1
ACDBDICTIONARYWDFLT
  2
AcDbDictionaryWithDefault
  3
ObjectDBX Classes
 90
        0
 91
        3
280
     0
281
     0
  0
CLASS
  1
VISUALSTYLE
  2
AcDbVisualStyle
  3
ObjectDBX Classes
 90
     4095
 91
        3
280
     0
281
     0
  0
CLASS
  1
MATERIAL
  2
AcDbMaterial
  3
ObjectDBX Classes
 90
     1153
 91
        3
280
     0
281
     0
  0
CLASS
  1
SCALE
  2
AcDbScale
  3
ObjectDBX Classes
 90
     1153
 91
        3
280
     0
281
     0
  0
CLASS
  1
TABLESTYLE
  2
AcDbTableStyle
  3
ObjectDBX Classes
 90
     4095
 91
        3
280
     0
281
     0
  0
CLASS
  1
MLEADERSTYLE
  2
AcDbMLeaderStyle
  3
ACDB_MLEADERSTYLE_CLASS
 90
     4095
 91
        3
280
     0
281
     0
  0
CLASS
  1
SUN
  2
AcDbSun
  3
SCENEOE
 90
     1153
 91
        3
280
     0
281
     0
  0
CLASS
  1
RASTERVARIABLES
  2
AcDbRasterVariables
  3
ISM
 90
        0
 91
        3
280
     0
281
     0
  0
CLASS
  1
DICTIONARYVAR
  2
AcDbDictionaryVar
  3
ObjectDBX Classes
 90
        0
 91
        3
280
     0
281
     0
  0
CLASS
  1
CELLSTYLEMAP
  2
AcDbCellStyleMap
  3
ObjectDBX Classes
 90
     1152
 91
        3
280
     0
281
     0
  0
ENDSEC
  0
SECTION
  2
TABLES
  0
TABLE
  2
VPORT
  5
19C
330
0
100
AcDbSymbolTable
 70
     1
  0
VPORT
  5
1BC
330
19C
100
AcDbSymbolTableRecord
100
AcDbViewportTableRecord
  2
*Active
 70
     0
 10
0.0
 20
0.0
 11
1.0
 21
1.0
 12
1.971539070265997
 22
6.957890952001776
 13
0.0
 23
0.0
 14
0.5
 24
0.5
 15
0.5
 25
0.5
 16
0.0
 26
0.0
 36
1.0
 17
0.0
 27
0.0
 37
0.0
 40
116.8704747442236
 41
2.221565731166913
 42
50.0
 43
0.0
 44
0.0
 50
0.0
 51
0.0
 71
     0
 72
   100
 73
     1
 74
     3
 75
     0
 76
     0
 77
     0
 78
     0
281
     0
 65
     1
110
0.0
120
0.0
130
0.0
111
1.0
121
0.0
131
0.0
112
0.0
122
1.0
132
0.0
 79
     0
146
0.0
348
1C2
 60
     3
 61
     5
292
     1
282
     1
141
0.0
142
0.0
 63
   250
361
1F0
  0
ENDTAB
  0
TABLE
  2
LTYPE
  5
199
330
0
100
AcDbSymbolTable
 70
    48
  0
LTYPE
  5
1A7
330
199
100
AcDbSymbolTableRecord
100
AcDbLinetypeTableRecord
  2
ByBlock
 70
     0
  3

 72
    65
 73
     0
 40
0.0
  0
LTYPE
  5
1A8
330
199
100
AcDbSymbolTableRecord
100
AcDbLinetypeTableRecord
  2
ByLayer
 70
     0
  3

 72
    65
 73
     0
 40
0.0
  0
LTYPE
  5
1A9
330
199
100
AcDbSymbolTableRecord
100
AcDbLinetypeTableRecord
  2
Continuous
 70
     0
  3
Solid line
 72
    65
 73
     0
 40
0.0
  0
LTYPE
  5
22C
330
199
100
AcDbSymbolTableRecord
100
AcDbLinetypeTableRecord
  2
CENTER
 70
     0
  3
____ _ ____ _ __
 72
    65
 73
     4
 40
2.0
 49
1.25
 74
     0
 49
-0.25
 74
     0
 49
0.25
 74
     0
 49
-0.25
 74
     0
  0
LTYPE
  5
22D
330
199
100
AcDbSymbolTableRecord
100
AcDbLinetypeTableRecord
  2
ACAD_ISO13W100
 70
     0
  3
ISO double-dash double-dot __ __ . . __ __ . . _
 72
    65
 73
     8
 40
36.0
 49
12.0
 74
     0
 49
-3.0
 74
     0
 49
12.0
 74
     0
 49
-3.0
 74
     0
 49
0.0
 74
     0
 49
-3.0
 74
     0
 49
0.0
 74
     0
 49
-3.0
 74
     0
  0
LTYPE
  5
22E
330
199
100
AcDbSymbolTableRecord
100
AcDbLinetypeTableRecord
  2
ACAD_ISO14W100
 70
     0
  3
ISO dash triple-dot __ . . . __ . . . __ . . . _
 72
    65
 73
     8
 40
24.0
 49
12.0
 74
     0
 49
-3.0
 74
     0
 49
0.0
 74
     0
 49
-3.0
 74
     0
 49
0.0
 74
     0
 49
-3.0
 74
     0
 49
0.0
 74
     0
 49
-3.0
 74
     0
  0
LTYPE
  5
22F
330
199
100
AcDbSymbolTableRecord
100
AcDbLinetypeTableRecord
  2
ACAD_ISO15W100
 70
     0
  3
ISO double-dash triple-dot __ __ . . . __ __ . .
 72
    65
 73
    10
 40
39.0
 49
12.0
 74
     0
 49
-3.0
 74
     0
 49
12.0
 74
     0
 49
-3.0
 74
     0
 49
0.0
 74
     0
 49
-3.0
 74
     0
 49
0.0
 74
     0
 49
-3.0
 74
     0
 49
0.0
 74
     0
 49
-3.0
 74
     0
  0
LTYPE
  5
231
330
199
100
AcDbSymbolTableRecord
100
AcDbLinetypeTableRecord
  2
BATTING
 70
     0
  3
Batting SSSSSSSSSSSSSSSSSSSSSSSSSSSSSSSSSSSSSSSSSSSSSSS
 72
    65
 73
     4
 40
10.16254
 49
0.00254
 74
     0
 49
-2.54
 74
     2
 75
     0
340
230
 46
2.54
 50
0.0
 44
-2.54
 45
0.0
  9
BAT
 49
-5.08
 74
     2
 75
     0
340
230
 46
2.54
 50
180.0
 44
2.54
 45
0.0
  9
BAT
 49
-2.54
 74
     0
  0
LTYPE
  5
232
330
199
100
AcDbSymbolTableRecord
100
AcDbLinetypeTableRecord
  2
ACAD_ISO09W100
 70
     0
  3
ISO long-dash double-short-dash ____ __ __ ____
 72
    65
 73
     6
 40
45.0
 49
24.0
 74
     0
 49
-3.0
 74
     0
 49
6.0
 74
     0
 49
-3.0
 74
     0
 49
6.0
 74
     0
 49
-3.0
 74
     0
  0
LTYPE
  5
233
330
199
100
AcDbSymbolTableRecord
100
AcDbLinetypeTableRecord
  2
ACAD_ISO10W100
 70
     0
  3
ISO dash dot __ . __ . __ . __ . __ . __ . __ . 
 72
    65
 73
     4
 40
18.0
 49
12.0
 74
     0
 49
-3.0
 74
     0
 49
0.0
 74
     0
 49
-3.0
 74
     0
  0
LTYPE
  5
234
330
199
100
AcDbSymbolTableRecord
100
AcDbLinetypeTableRecord
  2
ACAD_ISO11W100
 70
     0
  3
ISO double-dash dot __ __ . __ __ . __ __ . __ _
 72
    65
 73
     6
 40
33.0
 49
12.0
 74
     0
 49
-3.0
 74
     0
 49
12.0
 74
     0
 49
-3.0
 74
     0
 49
0.0
 74
     0
 49
-3.0
 74
     0
  0
LTYPE
  5
235
330
199
100
AcDbSymbolTableRecord
100
AcDbLinetypeTableRecord
  2
ACAD_ISO12W100
 70
     0
  3
ISO dash double-dot __ . . __ . . __ . . __ . . 
 72
    65
 73
     6
 40
21.0
 49
12.0
 74
     0
 49
-3.0
 74
     0
 49
0.0
 74
     0
 49
-3.0
 74
     0
 49
0.0
 74
     0
 49
-3.0
 74
     0
  0
LTYPE
  5
236
330
199
100
AcDbSymbolTableRecord
100
AcDbLinetypeTableRecord
  2
FENCELINE1
 70
     0
  3
Fenceline circle ----0-----0----0-----0----0-----0--
 72
    65
 73
     4
 40
36.83
 49
6.35
 74
     0
 49
-2.54
 74
     2
 75
     0
340
230
 46
2.54
 50
0.0
 44
-2.54
 45
0.0
  9
CIRC1
 49
-2.54
 74
     0
 49
25.4
 74
     0
  0
LTYPE
  5
237
330
199
100
AcDbSymbolTableRecord
100
AcDbLinetypeTableRecord
  2
FENCELINE2
 70
     0
  3
Fenceline square ----[]-----[]----[]-----[]----[]---
 72
    65
 73
     4
 40
36.83
 49
6.35
 74
     0
 49
-2.54
 74
     2
 75
     0
340
230
 46
2.54
 50
0.0
 44
-2.54
 45
0.0
  9
BOX
 49
-2.54
 74
     0
 49
25.4
 74
     0
  0
LTYPE
  5
239
330
199
100
AcDbSymbolTableRecord
100
AcDbLinetypeTableRecord
  2
GAS_LINE
 70
     0
  3
Gas line ----GAS----GAS----GAS----GAS----GAS----GAS--
 72
    65
 73
     3
 40
24.13
 49
12.7
 74
     0
 49
-5.08
 74
     2
 75
     0
340
238
 46
2.54
 50
0.0
 44
-2.54
 45
-1.27
  9
GAS
 49
-6.35
 74
     0
  0
LTYPE
  5
23A
330
199
100
AcDbSymbolTableRecord
100
AcDbLinetypeTableRecord
  2
HIDDEN
 70
     0
  3
__ __ __ __ __
 72
    65
 73
     2
 40
0.5
 49
0.25
 74
     0
 49
-0.25
 74
     0
  0
LTYPE
  5
23B
330
199
100
AcDbSymbolTableRecord
100
AcDbLinetypeTableRecord
  2
DOT2
 70
     0
  3
Dot (.5x) ........................................
 72
    65
 73
     2
 40
3.175
 49
0.0
 74
     0
 49
-3.175
 74
     0
  0
LTYPE
  5
23C
330
199
100
AcDbSymbolTableRecord
100
AcDbLinetypeTableRecord
  2
DOTX2
 70
     0
  3
Dot (2x) .  .  .  .  .  .  .  .  .  .  .  .  .  .
 72
    65
 73
     2
 40
12.7
 49
0.0
 74
     0
 49
-12.7
 74
     0
  0
LTYPE
  5
23E
330
199
100
AcDbSymbolTableRecord
100
AcDbLinetypeTableRecord
  2
DRAINAGE
 70
     0
  3
Drainage ---->---->---->----
 72
    65
 73
     2
 40
10.16
 49
5.08
 74
     2
 75
     0
340
23D
 46
2.54
 50
180.0
 44
0.0
 45
0.0
  9
RIGHT_ARROW
 49
5.08
 74
     0
  0
LTYPE
  5
23F
330
199
100
AcDbSymbolTableRecord
100
AcDbLinetypeTableRecord
  2
DRAINAGE2
 70
     0
  3
Drainage reversed----<----<----<----
 72
    65
 73
     2
 40
10.16
 49
5.08
 74
     2
 75
     0
340
23D
 46
2.54
 50
0.0
 44
0.0
 45
0.0
  9
RIGHT_ARROW
 49
5.08
 74
     0
  0
LTYPE
  5
240
330
199
100
AcDbSymbolTableRecord
100
AcDbLinetypeTableRecord
  2
DIVIDE
 70
     0
  3
____ . . ____ . . 
 72
    65
 73
     6
 40
1.25
 49
0.5
 74
     0
 49
-0.25
 74
     0
 49
0.0
 74
     0
 49
-0.25
 74
     0
 49
0.0
 74
     0
 49
-0.25
 74
     0
  0
LTYPE
  5
241
330
199
100
AcDbSymbolTableRecord
100
AcDbLinetypeTableRecord
  2
DIVIDE2
 70
     0
  3
Divide (.5x) __..__..__..__..__..__..__..__.._
 72
    65
 73
     6
 40
15.875
 49
6.35
 74
     0
 49
-3.175
 74
     0
 49
0.0
 74
     0
 49
-3.175
 74
     0
 49
0.0
 74
     0
 49
-3.175
 74
     0
  0
LTYPE
  5
242
330
199
100
AcDbSymbolTableRecord
100
AcDbLinetypeTableRecord
  2
DIVIDEX2
 70
     0
  3
Divide (2x) ________  .  .  ________  .  .  _
 72
    65
 73
     6
 40
63.5
 49
25.4
 74
     0
 49
-12.7
 74
     0
 49
0.0
 74
     0
 49
-12.7
 74
     0
 49
0.0
 74
     0
 49
-12.7
 74
     0
  0
LTYPE
  5
243
330
199
100
AcDbSymbolTableRecord
100
AcDbLinetypeTableRecord
  2
DOT
 70
     0
  3
. . . . . . .
 72
    65
 73
     2
 40
0.25
 49
0.0
 74
     0
 49
-0.25
 74
     0
  0
LTYPE
  5
244
330
199
100
AcDbSymbolTableRecord
100
AcDbLinetypeTableRecord
  2
DASHDOTX2
 70
     0
  3
Dash dot (2x) ____  .  ____  .  ____  .  ___
 72
    65
 73
     4
 40
50.8
 49
25.4
 74
     0
 49
-12.7
 74
     0
 49
0.0
 74
     0
 49
-12.7
 74
     0
  0
LTYPE
  5
245
330
199
100
AcDbSymbolTableRecord
100
AcDbLinetypeTableRecord
  2
DASHED
 70
     0
  3
__ __ __ __ __
 72
    65
 73
     2
 40
0.8
 49
0.5
 74
     0
 49
-0.3
 74
     0
  0
LTYPE
  5
246
330
199
100
AcDbSymbolTableRecord
100
AcDbLinetypeTableRecord
  2
DASHED2
 70
     0
  3
Dashed (.5x) _ _ _ _ _ _ _ _ _ _ _ _ _ _ _ _ _ 
 72
    65
 73
     2
 40
9.524999999999999
 49
6.35
 74
     0
 49
-3.175
 74
     0
  0
LTYPE
  5
247
330
199
100
AcDbSymbolTableRecord
100
AcDbLinetypeTableRecord
  2
DASHEDX2
 70
     0
  3
Dashed (2x) ____  ____  ____  ____  ____  ___
 72
    65
 73
     2
 40
38.09999999999999
 49
25.4
 74
     0
 49
-12.7
 74
     0
  0
LTYPE
  5
248
330
199
100
AcDbSymbolTableRecord
100
AcDbLinetypeTableRecord
  2
PHANTOM2
 70
     0
  3
Phantom (.5x) ___ _ _ ___ _ _ ___ _ _ ___ _ _
 72
    65
 73
     6
 40
31.75
 49
15.875
 74
     0
 49
-3.175
 74
     0
 49
3.175
 74
     0
 49
-3.175
 74
     0
 49
3.175
 74
     0
 49
-3.175
 74
     0
  0
LTYPE
  5
249
330
199
100
AcDbSymbolTableRecord
100
AcDbLinetypeTableRecord
  2
PHANTOMX2
 70
     0
  3
Phantom (2x) ____________    ____    ____   _
 72
    65
 73
     6
 40
127.0
 49
63.5
 74
     0
 49
-12.7
 74
     0
 49
12.7
 74
     0
 49
-12.7
 74
     0
 49
12.7
 74
     0
 49
-12.7
 74
     0
  0
LTYPE
  5
24A
330
199
100
AcDbSymbolTableRecord
100
AcDbLinetypeTableRecord
  2
TRACKS
 70
     0
  3
Tracks -|-|-|-|-|-|-|-|-|-|-|-|-|-|-|-|-|-|-|-|-|-|-|-|-
 72
    65
 73
     2
 40
7.62
 49
3.81
 74
     2
 75
     0
340
230
 46
6.35
 50
0.0
 44
0.0
 45
0.0
  9
TRACK1
 49
3.81
 74
     0
  0
LTYPE
  5
24B
330
199
100
AcDbSymbolTableRecord
100
AcDbLinetypeTableRecord
  2
ZIGZAG
 70
     0
  3
Zig zag /\/\/\/\/\/\/\/\/\/\/\/\/\/\/\/\/\/\/\/\/\/\/\/
 72
    65
 73
     4
 40
20.32254
 49
0.00254
 74
     0
 49
-5.08
 74
     2
 75
     0
340
230
 46
5.08
 50
0.0
 44
-5.08
 45
0.0
  9
ZIG
 49
-10.16
 74
     2
 75
     0
340
230
 46
5.08
 50
180.0
 44
5.08
 45
0.0
  9
ZIG
 49
-5.08
 74
     0
  0
LTYPE
  5
24C
330
199
100
AcDbSymbolTableRecord
100
AcDbLinetypeTableRecord
  2
HIDDEN2
 70
     0
  3
Hidden (.5x) _ _ _ _ _ _ _ _ _ _ _ _ _ _ _ _ _ 
 72
    65
 73
     2
 40
4.762499999999999
 49
3.175
 74
     0
 49
-1.5875
 74
     0
  0
LTYPE
  5
24D
330
199
100
AcDbSymbolTableRecord
100
AcDbLinetypeTableRecord
  2
HIDDENX2
 70
     0
  3
Hidden (2x) ____ ____ ____ ____ ____ ____ ____ 
 72
    65
 73
     2
 40
19.05
 49
12.7
 74
     0
 49
-6.35
 74
     0
  0
LTYPE
  5
24E
330
199
100
AcDbSymbolTableRecord
100
AcDbLinetypeTableRecord
  2
HOT_WATER_SUPPLY
 70
     0
  3
Hot water supply ---- HW ---- HW ---- HW ----
 72
    65
 73
     3
 40
22.86
 49
12.7
 74
     0
 49
-5.08
 74
     2
 75
     0
340
238
 46
2.54
 50
0.0
 44
-2.54
 45
-1.27
  9
HW
 49
-5.08
 74
     0
  0
LTYPE
  5
24F
330
199
100
AcDbSymbolTableRecord
100
AcDbLinetypeTableRecord
  2
PHANTOM
 70
     0
  3
Phantom ______  __  __  ______  __  __  ______ 
 72
    65
 73
     6
 40
63.50000000000001
 49
31.75
 74
     0
 49
-6.35
 74
     0
 49
6.35
 74
     0
 49
-6.35
 74
     0
 49
6.35
 74
     0
 49
-6.35
 74
     0
  0
LTYPE
  5
250
330
199
100
AcDbSymbolTableRecord
100
AcDbLinetypeTableRecord
  2
ACAD_ISO05W100
 70
     0
  3
ISO long-dash double-dot ____ .. ____ .. ____ . 
 72
    65
 73
     6
 40
33.0
 49
24.0
 74
     0
 49
-3.0
 74
     0
 49
0.0
 74
     0
 49
-3.0
 74
     0
 49
0.0
 74
     0
 49
-3.0
 74
     0
  0
LTYPE
  5
251
330
199
100
AcDbSymbolTableRecord
100
AcDbLinetypeTableRecord
  2
ACAD_ISO06W100
 70
     0
  3
ISO long-dash triple-dot ____ ... ____ ... ____
 72
    65
 73
     8
 40
36.0
 49
24.0
 74
     0
 49
-3.0
 74
     0
 49
0.0
 74
     0
 49
-3.0
 74
     0
 49
0.0
 74
     0
 49
-3.0
 74
     0
 49
0.0
 74
     0
 49
-3.0
 74
     0
  0
LTYPE
  5
252
330
199
100
AcDbSymbolTableRecord
100
AcDbLinetypeTableRecord
  2
ACAD_ISO07W100
 70
     0
  3
ISO dot . . . . . . . . . . . . . . . . . . . . 
 72
    65
 73
     2
 40
3.0
 49
0.0
 74
     0
 49
-3.0
 74
     0
  0
LTYPE
  5
253
330
199
100
AcDbSymbolTableRecord
100
AcDbLinetypeTableRecord
  2
ACAD_ISO08W100
 70
     0
  3
ISO long-dash short-dash ____ __ ____ __ ____ _
 72
    65
 73
     4
 40
36.0
 49
24.0
 74
     0
 49
-3.0
 74
     0
 49
6.0
 74
     0
 49
-3.0
 74
     0
  0
LTYPE
  5
254
330
199
100
AcDbSymbolTableRecord
100
AcDbLinetypeTableRecord
  2
ACAD_ISO02W100
 70
     0
  3
ISO dash __ __ __ __ __ __ __ __ __ __ __ __ __
 72
    65
 73
     2
 40
15.0
 49
12.0
 74
     0
 49
-3.0
 74
     0
  0
LTYPE
  5
255
330
199
100
AcDbSymbolTableRecord
100
AcDbLinetypeTableRecord
  2
ACAD_ISO03W100
 70
     0
  3
ISO dash space __    __    __    __    __    __
 72
    65
 73
     2
 40
30.0
 49
12.0
 74
     0
 49
-18.0
 74
     0
  0
LTYPE
  5
256
330
199
100
AcDbSymbolTableRecord
100
AcDbLinetypeTableRecord
  2
ACAD_ISO04W100
 70
     0
  3
ISO long-dash dot ____ . ____ . ____ . ____ . _
 72
    65
 73
     4
 40
30.0
 49
24.0
 74
     0
 49
-3.0
 74
     0
 49
0.0
 74
     0
 49
-3.0
 74
     0
  0
LTYPE
  5
257
330
199
100
AcDbSymbolTableRecord
100
AcDbLinetypeTableRecord
  2
CENTER2
 70
     0
  3
Center (.5x) ___ _ ___ _ ___ _ ___ _ ___ _ ___
 72
    65
 73
     4
 40
28.575
 49
19.05
 74
     0
 49
-3.175
 74
     0
 49
3.175
 74
     0
 49
-3.175
 74
     0
  0
LTYPE
  5
258
330
199
100
AcDbSymbolTableRecord
100
AcDbLinetypeTableRecord
  2
CENTERX2
 70
     0
  3
Center (2x) ________  __  ________  __  _____
 72
    65
 73
     4
 40
101.6
 49
63.5
 74
     0
 49
-12.7
 74
     0
 49
12.7
 74
     0
 49
-12.7
 74
     0
  0
LTYPE
  5
259
330
199
100
AcDbSymbolTableRecord
100
AcDbLinetypeTableRecord
  2
DASHDOT
 70
     0
  3
__ . __ . __ .
 72
    65
 73
     4
 40
1.0
 49
0.5
 74
     0
 49
-0.25
 74
     0
 49
0.0
 74
     0
 49
-0.25
 74
     0
  0
LTYPE
  5
25A
330
199
100
AcDbSymbolTableRecord
100
AcDbLinetypeTableRecord
  2
DASHDOT2
 70
     0
  3
Dash dot (.5x) _._._._._._._._._._._._._._._.
 72
    65
 73
     4
 40
12.7
 49
6.35
 74
     0
 49
-3.175
 74
     0
 49
0.0
 74
     0
 49
-3.175
 74
     0
  0
LTYPE
  5
25B
330
199
100
AcDbSymbolTableRecord
100
AcDbLinetypeTableRecord
  2
BORDER
 70
     0
  3
__ __ . __ __ . 
 72
    65
 73
     6
 40
1.75
 49
0.5
 74
     0
 49
-0.25
 74
     0
 49
0.5
 74
     0
 49
-0.25
 74
     0
 49
0.0
 74
     0
 49
-0.25
 74
     0
  0
LTYPE
  5
25C
330
199
100
AcDbSymbolTableRecord
100
AcDbLinetypeTableRecord
  2
BORDER2
 70
     0
  3
Border (.5x) __.__.__.__.__.__.__.__.__.__.__.
 72
    65
 73
     6
 40
22.225
 49
6.35
 74
     0
 49
-3.175
 74
     0
 49
6.35
 74
     0
 49
-3.175
 74
     0
 49
0.0
 74
     0
 49
-3.175
 74
     0
  0
LTYPE
  5
25D
330
199
100
AcDbSymbolTableRecord
100
AcDbLinetypeTableRecord
  2
BORDERX2
 70
     0
  3
Border (2x) ____  ____  .  ____  ____  .  ___
 72
    65
 73
     6
 40
88.89999999999999
 49
25.4
 74
     0
 49
-12.7
 74
     0
 49
25.4
 74
     0
 49
-12.7
 74
     0
 49
0.0
 74
     0
 49
-12.7
 74
     0
  0
ENDTAB
  0
TABLE
  2
LAYER
  5
197
330
0
100
AcDbSymbolTable
 70
     2
  0
LAYER
  5
1A4
330
197
100
AcDbSymbolTableRecord
100
AcDbLayerTableRecord
  2
0
 70
     0
 62
     7
  6
Continuous
370
    -3
390
1A3
347
1D9
348
0
  0
LAYER
  5
25E
330
197
100
AcDbSymbolTableRecord
100
AcDbLayerTableRecord
  2
PYDXF
 70
     0
 62
     7
  6
Continuous
370
    -3
390
1A3
347
1D9
348
0
  0
ENDTAB
  0
TABLE
  2
STYLE
  5
198
330
0
100
AcDbSymbolTable
 70
     5
  0
STYLE
  5
1A5
330
198
100
AcDbSymbolTableRecord
100
AcDbTextStyleTableRecord
  2
Standard
 70
     0
 40
0.0
 41
1.0
 50
0.0
 71
     0
 42
1.0
  3
txt
  4

  0
STYLE
  5
22A
330
198
100
AcDbSymbolTableRecord
100
AcDbTextStyleTableRecord
  2
QCADDimTextStyle
 70
     0
 40
0.0
 41
1.0
 50
0.0
 71
     0
 42
1.0
  3

  4

  0
STYLE
  5
230
330
198
100
AcDbSymbolTableRecord
100
AcDbTextStyleTableRecord
  2
textstyle0
 70
     0
 40
0.0
 41
1.0
 50
0.0
 71
     0
 42
1.0
  3
ltypeshp.shx
  4

  0
STYLE
  5
238
330
198
100
AcDbSymbolTableRecord
100
AcDbTextStyleTableRecord
  2
textstyle1
 70
     0
 40
0.0
 41
1.0
 50
0.0
 71
     0
 42
1.0
  3
STANDARD
  4

  0
STYLE
  5
23D
330
198
100
AcDbSymbolTableRecord
100
AcDbTextStyleTableRecord
  2
textstyle2
 70
     0
 40
0.0
 41
1.0
 50
0.0
 71
     0
 42
1.0
  3
qcadshp.shx
  4

  0
ENDTAB
  0
TABLE
  2
VIEW
  5
19A
330
0
100
AcDbSymbolTable
 70
     1
  0
VIEW
  5
261
330
19A
100
AcDbSymbolTableRecord
100
AcDbViewTableRecord
  2
BF_TOPVIEW
 70
     0
 40
120.0
 10
0.0
 20
0.0
 41
200.0
 11
0.0
 21
0.0
 31
1.0
 12
0.0
 22
0.0
 32
0.0
 42
50.0
 43
0.0
 44
0.0
 50
0.0
 71
     0
281
     0
 72
     0
 73
     0
  0
ENDTAB
  0
TABLE
  2
UCS
  5
19B
330
0
100
AcDbSymbolTable
 70
     0
  0
ENDTAB
  0
TABLE
  2
APPID
  5
19D
330
0
100
AcDbSymbolTable
 70
     2
  0
APPID
  5
1A6
330
19D
100
AcDbSymbolTableRecord
100
AcDbRegAppTableRecord
  2
ACAD
 70
     0
  0
APPID
  5
1F1
330
19D
100
AcDbSymbolTableRecord
100
AcDbRegAppTableRecord
  2
QCAD
 70
     0
  0
ENDTAB
  0
TABLE
  2
DIMSTYLE
  5
19E
330
0
100
AcDbSymbolTable
 70
     2
100
AcDbDimStyleTable
  0
DIMSTYLE
105
1BA
330
19E
100
AcDbSymbolTableRecord
100
AcDbDimStyleTableRecord
  2
Standard
 70
     0
178
     0
340
1A5
  0
DIMSTYLE
105
22B
330
19E
100
AcDbSymbolTableRecord
100
AcDbDimStyleTableRecord
  2
QCADDimStyle
 70
     0
178
     0
279
     2
340
22A
  0
ENDTAB
  0
TABLE
  2
BLOCK_RECORD
  5
196
330
0
100
AcDbSymbolTable
 70
     0
  0
BLOCK_RECORD
  5
1B2
330
196
100
AcDbSymbolTableRecord
100
AcDbBlockTableRecord
  2
*Model_Space
340
1B5
 70
     0
280
     1
281
     0
  0
BLOCK_RECORD
  5
1AE
330
196
100
AcDbSymbolTableRecord
100
AcDbBlockTableRecord
  2
*Paper_Space
340
1B1
 70
     0
280
     1
281
     0
  0
ENDTAB
  0
ENDSEC
  0
SECTION
  2
BLOCKS
  0
BLOCK
  5
1B3
330
1B2
100
AcDbEntity
  8
0
100
AcDbBlockBegin
  2
*Model_Space
 70
     0
 10
0.0
 20
0.0
 30
0.0
  3
*Model_Space
  1

  0
ENDBLK
  5
1B4
330
1B2
100
AcDbEntity
  8
0
100
AcDbBlockEnd
  0
BLOCK
  5
1AF
330
1AE
100
AcDbEntity
 67
     1
  8
0
100
AcDbBlockBegin
  2
*Paper_Space
 70
     0
 10
0.0
 20
0.0
 30
0.0
  3
*Paper_Space
  1

  0
ENDBLK
  5
1B0
330
1AE
100
AcDbEntity
 67
     1
  8
0
100
AcDbBlockEnd
  0
ENDSEC
  0
SECTION
  2
ENTITIES
  0
LINE
  5
48
330
1B2
100
AcDbEntity
  8
0
100
AcDbLine
 10
-27.65673026442528
 20
-24.57835152745247
 30
0.0000020954757929
 11
-26.16277150809765
 21
-26.16295032203197
 31
0.0000020954757929
  0
LINE
  5
49
330
1B2
100
AcDbEntity
  8
0
100
AcDbLine
 10
34.03312712907791
 20
8.170588873326778
 30
0.0000020954757929
 11
36.1408069729805
 21
7.928118109703064
 31
0.0000020954757929
  0
LINE
  5
4A
330
1B2
100
AcDbEntity
  8
0
100
AcDbLine
 10
-12.43703253567219
 20
-30.02608567476273
 30
0.0000020954757929
 11
-13.39374110102654
 21
-32.3357842862606
 31
0.0000020954757929
  0
LINE
  5
4D
330
1B2
100
AcDbEntity
  8
0
100
AcDbLine
 10
-7.927938364446163
 20
-36.14062815904617
 30
0.0000020954757929
 11
-5.787895992398262
 21
-36.54446825385094
 31
0.0000020954757929
  0
LINE
  5
4E
330
1B2
100
AcDbEntity
  8
0
100
AcDbLine
 10
16.98138192296028
 20
-27.7108047157526
 30
0.0000020954757929
 11
19.10319924354553
 21
-26.29305236041546
 31
0.0000020954757929
  0
LINE
  5
4F
330
1B2
100
AcDbEntity
  8
0
100
AcDbLine
 10
22.73086085915565
 20
26.61420963704586
 30
0.0000020954757929
 11
24.5785303413868
 21
27.6569090783596
 31
0.0000020954757929
  0
LINE
  5
50
330
1B2
100
AcDbEntity
  8
0
100
AcDbLine
 10
7.58715346455574
 20
-31.60202130675316
 30
0.0000020954757929
 11
8.17076675593853
 21
-34.03294831514359
 31
0.0000020954757929
  0
LINE
  5
51
330
1B2
100
AcDbEntity
  8
0
100
AcDbLine
 10
-8.500810712575912
 20
-0.0000053198361272
 30
0.0000020954757929
 11
-8.424576371908188
 21
0.3832735819742084
 31
0.0000020954757929
  0
LINE
  5
54
330
1B2
100
AcDbEntity
  8
0
100
AcDbLine
 10
14.8291252553463
 20
-33.89841318130493
 30
0.0000020954757929
 11
16.79782755672932
 21
-32.96724334359169
 31
0.0000020954757929
  0
LINE
  5
55
330
1B2
100
AcDbEntity
  8
0
100
AcDbLine
 10
7.58715346455574
 20
-31.60202130675316
 30
0.0000020954757929
 11
10.04323083907366
 21
-30.90933710336685
 31
0.0000020954757929
  0
LINE
  5
56
330
1B2
100
AcDbEntity
  8
0
100
AcDbLine
 10
2.746247453615069
 20
34.89210829138756
 30
0.0000020954757929
 11
3.628160106018186
 21
36.82170063257217
 31
0.0000020954757929
  0
LINE
  5
57
330
1B2
100
AcDbEntity
  8
0
100
AcDbLine
 10
24.71337281167507
 20
-21.10706083476543
 30
0.0000020954757929
 11
26.61438845098019
 21
-22.73068204522133
 31
0.0000020954757929
  0
LINE
  5
5A
330
1B2
100
AcDbEntity
  8
0
100
AcDbLine
 10
31.92203491926193
 20
-18.70815455913544
 30
0.0000020954757929
 11
32.96742215752602
 21
-16.79764874279499
 31
0.0000020954757929
  0
LINE
  5
5B
330
1B2
100
AcDbEntity
  8
0
100
AcDbLine
 10
-18.28727126121521
 20
29.84240651130676
 30
0.0000020954757929
 11
-18.70797574520111
 21
31.92185610532761
 31
0.0000020954757929
  0
LINE
  5
5C
330
1B2
100
AcDbEntity
  8
0
100
AcDbLine
 10
32.39999338984489
 20
-2.549919998273253
 30
0.0000020954757929
 11
34.89228710532188
 21
-2.746067708358169
 31
0.0000020954757929
  0
LINE
  5
5D
330
1B2
100
AcDbEntity
  8
0
100
AcDbLine
 10
2.476033288985491
 20
-2.47585354372859
 30
0.0000020954757929
 11
1.340101938694715
 21
-3.234858624637127
 31
0.0000020954757929
  0
LINE
  5
60
330
1B2
100
AcDbEntity
  8
0
100
AcDbLine
 10
8.495132438838482
 20
-0.000004505141149
 30
0.0000020954757929
 11
8.419143036007881
 21
0.382025318685919
 31
0.0000020954757929
  0
LINE
  5
61
330
1B2
100
AcDbEntity
  8
0
100
AcDbLine
 10
-1.339743612334132
 20
3.234860021620989
 30
0.0000020954757929
 11
-2.475675195455551
 21
2.475854940712452
 31
0.0000020954757929
  0
LINE
  5
62
330
1B2
100
AcDbEntity
  8
0
100
AcDbLine
 10
-32.33560547232628
 20
13.39392084628344
 30
0.0000020954757929
 11
-33.89823436737061
 21
14.82894737273455
 31
0.0000020954757929
  0
LINE
  5
63
330
1B2
100
AcDbEntity
  8
0
100
AcDbLine
 10
-1.339743612334132
 20
3.234860021620989
 30
0.0000020954757929
 11
0.0001791443935417
 21
3.501387313008308
 31
0.0000020954757929
  0
LINE
  5
67
330
1B2
100
AcDbEntity
  8
0
100
AcDbLine
 10
-34.03276950120926
 20
-8.17058701068163
 30
0.0000020954757929
 11
-36.14044934511185
 21
-7.928116247057915
 31
0.0000020954757929
  0
LINE
  5
6A
330
1B2
100
AcDbEntity
  8
0
100
AcDbLine
 10
-22.730503231287
 20
-26.61420963704586
 30
0.0000020954757929
 11
-24.57817271351814
 21
-27.6569090783596
 31
0.0000020954757929
  0
LINE
  5
6B
330
1B2
100
AcDbEntity
  8
0
100
AcDbLine
 10
-6.497698370367289
 20
-0.0000053198361272
 30
0.0000020954757929
 11
-6.573933176696301
 21
0.3832735819742084
 31
0.0000020954757929
  0
LINE
  5
6D
330
1B2
100
AcDbEntity
  8
0
100
AcDbLine
 10
36.8218794465065
 20
3.627981757745147
 30
0.0000020954757929
 11
36.54464706778526
 21
5.788075737655163
 31
0.0000020954757929
  0
LINE
  5
6E
330
1B2
100
AcDbEntity
  8
0
100
AcDbLine
 10
27.71098352968693
 20
16.98120310902596
 30
0.0000020954757929
 11
29.84258532524109
 21
18.28745007514954
 31
0.0000020954757929
  0
LINE
  5
6F
330
1B2
100
AcDbEntity
  8
0
100
AcDbLine
 10
-2.74588936008513
 20
-34.89210829138756
 30
0.0000020954757929
 11
-3.627802012488246
 21
-36.82170063257217
 31
0.0000020954757929
  0
LINE
  5
70
330
1B2
100
AcDbEntity
  8
0
100
AcDbLine
 10
27.71098352968693
 20
16.98120310902596
 30
0.0000020954757929
 11
26.29323117434978
 21
19.10302042961121
 31
0.0000020954757929
  0
LINE
  5
72
330
1B2
100
AcDbEntity
  8
0
100
AcDbLine
 10
27.65708789229393
 20
24.57835152745247
 30
0.0000020954757929
 11
26.1631291359663
 21
26.16295032203197
 31
0.0000020954757929
  0
LINE
  5
73
330
1B2
100
AcDbEntity
  8
0
100
AcDbLine
 10
12.43739016354084
 20
30.02608567476273
 30
0.0000020954757929
 11
13.39409872889519
 21
32.3357842862606
 31
0.0000020954757929
  0
LINE
  5
74
330
1B2
100
AcDbEntity
  8
0
100
AcDbLine
 10
18.28762888908386
 20
-29.84240651130676
 30
0.0000020954757929
 11
18.70833337306976
 21
-31.92185610532761
 31
0.0000020954757929
  0
LINE
  5
75
330
1B2
100
AcDbEntity
  8
0
100
AcDbLine
 10
12.43739016354084
 20
30.02608567476273
 30
0.0000020954757929
 11
10.04323083907366
 21
30.90933710336685
 31
0.0000020954757929
  0
LINE
  5
77
330
1B2
100
AcDbEntity
  8
0
100
AcDbLine
 10
7.928295992314816
 20
36.14062815904617
 30
0.0000020954757929
 11
5.788254551589489
 21
36.54446825385094
 31
0.0000020954757929
  0
LINE
  5
78
330
1B2
100
AcDbEntity
  8
0
100
AcDbLine
 10
8.419143036007881
 20
-0.3820345446001738
 30
0.0000020954757929
 11
8.202741853892803
 21
-0.7059022900648415
 31
0.0000020954757929
  0
LINE
  5
79
330
1B2
100
AcDbEntity
  8
0
100
AcDbLine
 10
-7.586794905364513
 20
31.60202130675316
 30
0.0000020954757929
 11
-8.170409128069878
 21
34.03294831514359
 31
0.0000020954757929
  0
LINE
  5
7A
330
1B2
100
AcDbEntity
  8
0
100
AcDbLine
 10
32.33596310019493
 20
-13.39391898363829
 30
0.0000020954757929
 11
33.89859199523926
 21
-14.8289455100894
 31
0.0000020954757929
  0
LINE
  5
7B
330
1B2
100
AcDbEntity
  8
0
100
AcDbLine
 10
-7.586794905364513
 20
31.60202130675316
 30
0.0000020954757929
 11
-10.04287321120501
 21
30.90933710336685
 31
0.0000020954757929
  0
LINE
  5
7D
330
1B2
100
AcDbEntity
  8
0
100
AcDbLine
 10
-14.82876762747765
 20
33.89841318130493
 30
0.0000020954757929
 11
-16.79746992886066
 21
32.96724334359169
 31
0.0000020954757929
  0
LINE
  5
7E
330
1B2
100
AcDbEntity
  8
0
100
AcDbLine
 10
-8.500810712575912
 20
-0.0000053198361272
 30
0.0000020954757929
 11
-8.424576371908188
 21
-0.3832853399217129
 31
0.0000020954757929
  0
LINE
  5
7F
330
1B2
100
AcDbEntity
  8
0
100
AcDbLine
 10
-7.49925198033452
 20
-1.00156047847122
 30
0.0000020954757929
 11
-7.882531732320786
 21
-0.9253249154426157
 31
0.0000020954757929
  0
LINE
  5
80
330
1B2
100
AcDbEntity
  8
0
100
AcDbLine
 10
-24.71301518380642
 20
21.10706083476543
 30
0.0000020954757929
 11
-26.61403082311153
 21
22.73068204522133
 31
0.0000020954757929
  0
LINE
  5
81
330
1B2
100
AcDbEntity
  8
0
100
AcDbLine
 10
-24.71301518380642
 20
21.10706083476543
 30
0.0000020954757929
 11
-26.29287354648113
 21
19.10302042961121
 31
0.0000020954757929
  0
LINE
  5
82
330
1B2
100
AcDbEntity
  8
0
100
AcDbLine
 10
-31.92167729139328
 20
18.70815455913544
 30
0.0000020954757929
 11
-32.96706452965736
 21
16.79764874279499
 31
0.0000020954757929
  0
LINE
  5
84
330
1B2
100
AcDbEntity
  8
0
100
AcDbLine
 10
-1.339743612334132
 20
-3.234858624637127
 30
0.0000020954757929
 11
0.0001791443935417
 21
-3.501385916024446
 31
0.0000020954757929
  0
LINE
  5
85
330
1B2
100
AcDbEntity
  8
0
100
AcDbLine
 10
1.340101938694715
 20
3.234860021620989
 30
0.0000020954757929
 11
0.0001791443935417
 21
3.501387313008308
 31
0.0000020954757929
  0
LINE
  5
86
330
1B2
100
AcDbEntity
  8
0
100
AcDbLine
 10
8.202741853892803
 20
0.7058940245769918
 30
0.0000020954757929
 11
8.419143036007881
 21
0.382025318685919
 31
0.0000020954757929
  0
LINE
  5
87
330
1B2
100
AcDbEntity
  8
0
100
AcDbLine
 10
-32.39963576197624
 20
2.549921395257115
 30
0.0000020954757929
 11
-34.89192947745323
 21
2.746069105342031
 31
0.0000020954757929
  0
LINE
  5
88
330
1B2
100
AcDbEntity
  8
0
100
AcDbLine
 10
-32.39963576197624
 20
2.549921395257115
 30
0.0000020954757929
 11
-32.49981999397278
 21
0.000000620568763
 31
0.0000020954757929
  0
LINE
  5
89
330
1B2
100
AcDbEntity
  8
0
100
AcDbLine
 10
-36.82152181863785
 20
-3.627980360761285
 30
0.0000020954757929
 11
-36.54428943991661
 21
-5.788074806332588
 31
0.0000020954757929
  0
LINE
  5
8A
330
1B2
100
AcDbEntity
  8
0
100
AcDbLine
 10
3.501565661281347
 20
0.000000620568763
 30
0.0000020954757929
 11
3.235038369894028
 21
1.339923357591033
 31
0.0000020954757929
  0
LINE
  5
8B
330
1B2
100
AcDbEntity
  8
0
100
AcDbLine
 10
-27.71062590181828
 20
-16.98120310902596
 30
0.0000020954757929
 11
-29.84222769737244
 21
-18.28745007514954
 31
0.0000020954757929
  0
LINE
  5
8C
330
1B2
100
AcDbEntity
  8
0
100
AcDbLine
 10
-27.71062590181828
 20
-16.98120310902596
 30
0.0000020954757929
 11
-26.29287354648113
 21
-19.10302042961121
 31
0.0000020954757929
  0
LINE
  5
8D
330
1B2
100
AcDbEntity
  8
0
100
AcDbLine
 10
32.50017762184143
 20
0.000000620568763
 30
0.0000020954757929
 11
32.39999338984489
 21
2.549921395257115
 31
0.0000020954757929
  0
LINE
  5
8E
330
1B2
100
AcDbEntity
  8
0
100
AcDbLine
 10
36.54464706778526
 20
5.788075737655163
 30
0.0000020954757929
 11
36.1408069729805
 21
7.928118109703064
 31
0.0000020954757929
  0
LINE
  5
92
330
1B2
100
AcDbEntity
  8
0
100
AcDbLine
 10
32.33596310019493
 20
13.39392084628344
 30
0.0000020954757929
 11
33.89859199523926
 21
14.82894737273455
 31
0.0000020954757929
  0
LINE
  5
93
330
1B2
100
AcDbEntity
  8
0
100
AcDbLine
 10
-7.586794905364513
 20
-31.60202130675316
 30
0.0000020954757929
 11
-8.170409128069878
 21
-34.03294831514359
 31
0.0000020954757929
  0
LINE
  5
94
330
1B2
100
AcDbEntity
  8
0
100
AcDbLine
 10
26.29323117434978
 20
19.10302042961121
 30
0.0000020954757929
 11
24.71337281167507
 21
21.10706083476543
 31
0.0000020954757929
  0
LINE
  5
95
330
1B2
100
AcDbEntity
  8
0
100
AcDbLine
 10
26.1631291359663
 20
26.16295032203197
 30
0.0000020954757929
 11
24.5785303413868
 21
27.6569090783596
 31
0.0000020954757929
  0
LINE
  5
99
330
1B2
100
AcDbEntity
  8
0
100
AcDbLine
 10
30.02626448869705
 20
-12.43721041828394
 30
0.0000020954757929
 11
30.90951591730118
 21
-10.04305109381676
 31
0.0000020954757929
  0
LINE
  5
9B
330
1B2
100
AcDbEntity
  8
0
100
AcDbLine
 10
18.28762888908386
 20
29.84240651130676
 30
0.0000020954757929
 11
18.70833337306976
 21
31.92185610532761
 31
0.0000020954757929
  0
LINE
  5
9C
330
1B2
100
AcDbEntity
  8
0
100
AcDbLine
 10
12.43739016354084
 20
-30.02608567476273
 30
0.0000020954757929
 11
13.39409872889519
 21
-32.3357842862606
 31
0.0000020954757929
  0
LINE
  5
9D
330
1B2
100
AcDbEntity
  8
0
100
AcDbLine
 10
10.04323083907366
 20
30.90933710336685
 30
0.0000020954757929
 11
7.58715346455574
 21
31.60202130675316
 31
0.0000020954757929
  0
LINE
  5
9E
330
1B2
100
AcDbEntity
  8
0
100
AcDbLine
 10
5.788254551589489
 20
36.54446825385094
 30
0.0000020954757929
 11
3.628160106018186
 21
36.82170063257217
 31
0.0000020954757929
  0
LINE
  5
A2
330
1B2
100
AcDbEntity
  8
0
100
AcDbLine
 10
-2.74588936008513
 20
34.89210829138756
 30
0.0000020954757929
 11
-3.627802012488246
 21
36.82170063257217
 31
0.0000020954757929
  0
LINE
  5
A3
330
1B2
100
AcDbEntity
  8
0
100
AcDbLine
 10
27.71098352968693
 20
-16.98120310902596
 30
0.0000020954757929
 11
29.84258532524109
 21
-18.28745007514954
 31
0.0000020954757929
  0
LINE
  5
A4
330
1B2
100
AcDbEntity
  8
0
100
AcDbLine
 10
-1.339743612334132
 20
-3.234858624637127
 30
0.0000020954757929
 11
-2.475675195455551
 21
-2.47585354372859
 31
0.0000020954757929
  0
LINE
  5
A5
330
1B2
100
AcDbEntity
  8
0
100
AcDbLine
 10
-10.04287321120501
 20
30.90933710336685
 30
0.0000020954757929
 11
-12.43703253567219
 21
30.02608567476273
 31
0.0000020954757929
  0
LINE
  5
A6
330
1B2
100
AcDbEntity
  8
0
100
AcDbLine
 10
-16.79746992886066
 20
32.96724334359169
 30
0.0000020954757929
 11
-18.70797574520111
 21
31.92185610532761
 31
0.0000020954757929
  0
LINE
  5
A9
330
1B2
100
AcDbEntity
  8
0
100
AcDbLine
 10
24.71337281167507
 20
-21.10706083476543
 30
0.0000020954757929
 11
26.29323117434978
 21
-19.10302042961121
 31
0.0000020954757929
  0
LINE
  5
AA
330
1B2
100
AcDbEntity
  8
0
100
AcDbLine
 10
-8.207466453313828
 20
-0.7082154625095427
 30
0.0000020954757929
 11
-7.882531732320786
 21
-0.9253249154426157
 31
0.0000020954757929
  0
LINE
  5
AC
330
1B2
100
AcDbEntity
  8
0
100
AcDbLine
 10
-22.730503231287
 20
26.61420963704586
 30
0.0000020954757929
 11
-24.57817271351814
 21
27.6569090783596
 31
0.0000020954757929
  0
LINE
  5
AD
330
1B2
100
AcDbEntity
  8
0
100
AcDbLine
 10
-2.475675195455551
 20
2.475854940712452
 30
0.0000020954757929
 11
-3.234680276364088
 21
1.339923357591033
 31
0.0000020954757929
  0
LINE
  5
AE
330
1B2
100
AcDbEntity
  8
0
100
AcDbLine
 10
-26.29287354648113
 20
19.10302042961121
 30
0.0000020954757929
 11
-27.71062590181828
 21
16.98120310902596
 31
0.0000020954757929
  0
LINE
  5
AF
330
1B2
100
AcDbEntity
  8
0
100
AcDbLine
 10
2.476033288985491
 20
2.475854940712452
 30
0.0000020954757929
 11
3.235038369894028
 21
1.339923357591033
 31
0.0000020954757929
  0
LINE
  5
B0
330
1B2
100
AcDbEntity
  8
0
100
AcDbLine
 10
-32.96706452965736
 20
16.79764874279499
 30
0.0000020954757929
 11
-33.89823436737061
 21
14.82894737273455
 31
0.0000020954757929
  0
LINE
  5
B1
330
1B2
100
AcDbEntity
  8
0
100
AcDbLine
 10
-7.115972694009542
 20
-0.9253249154426157
 30
0.0000020954757929
 11
-7.49925198033452
 21
-1.00156047847122
 31
0.0000020954757929
  0
LINE
  5
B2
330
1B2
100
AcDbEntity
  8
0
100
AcDbLine
 10
7.114812266081572
 20
0.9222980006597936
 30
0.0000020954757929
 11
7.496841717511415
 21
0.9982880437746644
 31
0.0000020954757929
  0
LINE
  5
B3
330
1B2
100
AcDbEntity
  8
0
100
AcDbLine
 10
7.114812266081572
 20
0.9222980006597936
 30
0.0000020954757929
 11
6.790943909436464
 21
0.7058940245769918
 31
0.0000020954757929
  0
LINE
  5
B5
330
1B2
100
AcDbEntity
  8
0
100
AcDbLine
 10
-34.03276950120926
 20
8.170588873326778
 30
0.0000020954757929
 11
-36.14044934511185
 21
7.928118109703064
 31
0.0000020954757929
  0
LINE
  5
B6
330
1B2
100
AcDbEntity
  8
0
100
AcDbLine
 10
-32.49981999397278
 20
0.000000620568763
 30
0.0000020954757929
 11
-32.39963576197624
 21
-2.549919998273253
 31
0.0000020954757929
  0
LINE
  5
B8
330
1B2
100
AcDbEntity
  8
0
100
AcDbLine
 10
-36.54428943991661
 20
-5.788074806332588
 30
0.0000020954757929
 11
-36.14044934511185
 21
-7.928116247057915
 31
0.0000020954757929
  0
LINE
  5
BA
330
1B2
100
AcDbEntity
  8
0
100
AcDbLine
 10
-32.33560547232628
 20
-13.39391898363829
 30
0.0000020954757929
 11
-33.89823436737061
 21
-14.8289455100894
 31
0.0000020954757929
  0
LINE
  5
BB
330
1B2
100
AcDbEntity
  8
0
100
AcDbLine
 10
-7.115972694009542
 20
-0.9253249154426157
 30
0.0000020954757929
 11
-6.791043095290661
 21
-0.7082154625095427
 31
0.0000020954757929
  0
LINE
  5
BC
330
1B2
100
AcDbEntity
  8
0
100
AcDbLine
 10
-26.29287354648113
 20
-19.10302042961121
 30
0.0000020954757929
 11
-24.71301518380642
 21
-21.10706083476543
 31
0.0000020954757929
  0
LINE
  5
BD
330
1B2
100
AcDbEntity
  8
0
100
AcDbLine
 10
-26.16277150809765
 20
-26.16295032203197
 30
0.0000020954757929
 11
-24.57817271351814
 21
-27.6569090783596
 31
0.0000020954757929
  0
LINE
  5
BF
330
1B2
100
AcDbEntity
  8
0
100
AcDbLine
 10
32.39999338984489
 20
2.549921395257115
 30
0.0000020954757929
 11
34.89228710532188
 21
2.746069105342031
 31
0.0000020954757929
  0
LINE
  5
C1
330
1B2
100
AcDbEntity
  8
0
100
AcDbLine
 10
-18.28727126121521
 20
-29.84240651130676
 30
0.0000020954757929
 11
-18.70797574520111
 21
-31.92185610532761
 31
0.0000020954757929
  0
LINE
  5
C2
330
1B2
100
AcDbEntity
  8
0
100
AcDbLine
 10
-10.04287321120501
 20
-30.90933710336685
 30
0.0000020954757929
 11
-7.586794905364513
 21
-31.60202130675316
 31
0.0000020954757929
  0
LINE
  5
C6
330
1B2
100
AcDbEntity
  8
0
100
AcDbLine
 10
-5.787895992398262
 20
-36.54446825385094
 30
0.0000020954757929
 11
-3.627802012488246
 21
-36.82170063257217
 31
0.0000020954757929
  0
LINE
  5
C8
330
1B2
100
AcDbEntity
  8
0
100
AcDbLine
 10
24.71337281167507
 20
21.10706083476543
 30
0.0000020954757929
 11
26.61438845098019
 21
22.73068204522133
 31
0.0000020954757929
  0
LINE
  5
CA
330
1B2
100
AcDbEntity
  8
0
100
AcDbLine
 10
2.746247453615069
 20
-34.89210829138756
 30
0.0000020954757929
 11
3.628160106018186
 21
-36.82170063257217
 31
0.0000020954757929
  0
LINE
  5
CB
330
1B2
100
AcDbEntity
  8
0
100
AcDbLine
 10
10.04323083907366
 20
-30.90933710336685
 30
0.0000020954757929
 11
12.43739016354084
 21
-30.02608567476273
 31
0.0000020954757929
  0
LINE
  5
CE
330
1B2
100
AcDbEntity
  8
0
100
AcDbLine
 10
16.79782755672932
 20
-32.96724334359169
 30
0.0000020954757929
 11
18.70833337306976
 21
-31.92185610532761
 31
0.0000020954757929
  0
LINE
  5
CF
330
1B2
100
AcDbEntity
  8
0
100
AcDbLine
 10
-6.497698370367289
 20
-0.0000053198361272
 30
0.0000020954757929
 11
-6.573933176696301
 21
-0.3832853399217129
 31
0.0000020954757929
  0
LINE
  5
D2
330
1B2
100
AcDbEntity
  8
0
100
AcDbLine
 10
7.58715346455574
 20
31.60202130675316
 30
0.0000020954757929
 11
8.17076675593853
 21
34.03294831514359
 31
0.0000020954757929
  0
LINE
  5
D4
330
1B2
100
AcDbEntity
  8
0
100
AcDbLine
 10
22.73086085915565
 20
-26.61420963704586
 30
0.0000020954757929
 11
24.5785303413868
 21
-27.6569090783596
 31
0.0000020954757929
  0
LINE
  5
D5
330
1B2
100
AcDbEntity
  8
0
100
AcDbLine
 10
26.29323117434978
 20
-19.10302042961121
 30
0.0000020954757929
 11
27.71098352968693
 21
-16.98120310902596
 31
0.0000020954757929
  0
LINE
  5
D8
330
1B2
100
AcDbEntity
  8
0
100
AcDbLine
 10
32.96742215752602
 20
-16.79764874279499
 30
0.0000020954757929
 11
33.89859199523926
 21
-14.8289455100894
 31
0.0000020954757929
  0
LINE
  5
DB
330
1B2
100
AcDbEntity
  8
0
100
AcDbLine
 10
-12.43703253567219
 20
30.02608567476273
 30
0.0000020954757929
 11
-13.39374110102654
 21
32.3357842862606
 31
0.0000020954757929
  0
LINE
  5
DC
330
1B2
100
AcDbEntity
  8
0
100
AcDbLine
 10
8.202741853892803
 20
-0.7059022900648415
 30
0.0000020954757929
 11
7.878871634602547
 21
-0.9223062661476433
 31
0.0000020954757929
  0
LINE
  5
DD
330
1B2
100
AcDbEntity
  8
0
100
AcDbLine
 10
32.50017762184143
 20
0.000000620568763
 30
0.0000020954757929
 11
32.39999338984489
 21
-2.549919998273253
 31
0.0000020954757929
  0
LINE
  5
DE
330
1B2
100
AcDbEntity
  8
0
100
AcDbLine
 10
34.03312712907791
 20
-8.17058701068163
 30
0.0000020954757929
 11
36.1408069729805
 21
-7.928116247057915
 31
0.0000020954757929
  0
LINE
  5
DF
330
1B2
100
AcDbEntity
  8
0
100
AcDbLine
 10
-8.424576371908188
 20
0.3832735819742084
 30
0.0000020954757929
 11
-8.207466453313828
 21
0.7082075462676585
 31
0.0000020954757929
  0
LINE
  5
E2
330
1B2
100
AcDbEntity
  8
0
100
AcDbLine
 10
-2.475675195455551
 20
-2.47585354372859
 30
0.0000020954757929
 11
-3.234680276364088
 21
-1.339922193437815
 31
0.0000020954757929
  0
LINE
  5
E4
330
1B2
100
AcDbEntity
  8
0
100
AcDbLine
 10
-27.71062590181828
 20
16.98120310902596
 30
0.0000020954757929
 11
-29.84222769737244
 21
18.28745007514954
 31
0.0000020954757929
  0
LINE
  5
E5
330
1B2
100
AcDbEntity
  8
0
100
AcDbLine
 10
6.790943909436464
 20
-0.7059022900648415
 30
0.0000020954757929
 11
7.114812266081572
 21
-0.9223062661476433
 31
0.0000020954757929
  0
LINE
  5
E6
330
1B2
100
AcDbEntity
  8
0
100
AcDbLine
 10
1.340101938694715
 20
-3.234858624637127
 30
0.0000020954757929
 11
0.0001791443935417
 21
-3.501385916024446
 31
0.0000020954757929
  0
LINE
  5
EA
330
1B2
100
AcDbEntity
  8
0
100
AcDbLine
 10
-32.39963576197624
 20
-2.549919998273253
 30
0.0000020954757929
 11
-34.89192947745323
 21
-2.746067708358169
 31
0.0000020954757929
  0
LINE
  5
EE
330
1B2
100
AcDbEntity
  8
0
100
AcDbLine
 10
-24.71301518380642
 20
-21.10706083476543
 30
0.0000020954757929
 11
-26.61403082311153
 21
-22.73068204522133
 31
0.0000020954757929
  0
LINE
  5
EF
330
1B2
100
AcDbEntity
  8
0
100
AcDbLine
 10
-21.10688202083111
 20
-24.71319399774075
 30
0.0000020954757929
 11
-22.730503231287
 21
-26.61420963704586
 31
0.0000020954757929
  0
LINE
  5
F3
330
1B2
100
AcDbEntity
  8
0
100
AcDbLine
 10
2.476033288985491
 20
-2.47585354372859
 30
0.0000020954757929
 11
3.235038369894028
 21
-1.339922193437815
 31
0.0000020954757929
  0
LINE
  5
F4
330
1B2
100
AcDbEntity
  8
0
100
AcDbLine
 10
-18.70797574520111
 20
-31.92185610532761
 30
0.0000020954757929
 11
-16.79746992886066
 21
-32.96724334359169
 31
0.0000020954757929
  0
LINE
  5
F5
330
1B2
100
AcDbEntity
  8
0
100
AcDbLine
 10
-3.501207567751408
 20
0.000000620568763
 30
0.0000020954757929
 11
-3.234680276364088
 21
-1.339922193437815
 31
0.0000020954757929
  0
LINE
  5
F6
330
1B2
100
AcDbEntity
  8
0
100
AcDbLine
 10
29.84258532524109
 20
18.28745007514954
 30
0.0000020954757929
 11
31.92203491926193
 21
18.70815455913544
 31
0.0000020954757929
  0
LINE
  5
F7
330
1B2
100
AcDbEntity
  8
0
100
AcDbLine
 10
-2.549741650000215
 20
-32.39981457591057
 30
0.0000020954757929
 11
-2.74588936008513
 21
-34.89210829138756
 31
0.0000020954757929
  0
LINE
  5
FA
330
1B2
100
AcDbEntity
  8
0
100
AcDbLine
 10
3.628160106018186
 20
-36.82170063257217
 30
0.0000020954757929
 11
5.788254551589489
 21
-36.54446825385094
 31
0.0000020954757929
  0
LINE
  5
FB
330
1B2
100
AcDbEntity
  8
0
100
AcDbLine
 10
13.39409872889519
 20
32.3357842862606
 30
0.0000020954757929
 11
14.8291252553463
 21
33.89841318130493
 31
0.0000020954757929
  0
LINE
  5
FC
330
1B2
100
AcDbEntity
  8
0
100
AcDbLine
 10
16.98138192296028
 20
-27.7108047157526
 30
0.0000020954757929
 11
18.28762888908386
 21
-29.84240651130676
 31
0.0000020954757929
  0
LINE
  5
FF
330
1B2
100
AcDbEntity
  8
0
100
AcDbLine
 10
24.5785303413868
 20
-27.6569090783596
 30
0.0000020954757929
 11
26.1631291359663
 21
-26.16295032203197
 31
0.0000020954757929
  0
LINE
  5
100
330
1B2
100
AcDbEntity
  8
0
100
AcDbLine
 10
-8.170409128069878
 20
34.03294831514359
 30
0.0000020954757929
 11
-7.927938364446163
 21
36.14062815904617
 31
0.0000020954757929
  0
LINE
  5
101
330
1B2
100
AcDbEntity
  8
0
100
AcDbLine
 10
30.02626448869705
 20
-12.43721041828394
 30
0.0000020954757929
 11
32.33596310019493
 21
-13.39391898363829
 31
0.0000020954757929
  0
LINE
  5
104
330
1B2
100
AcDbEntity
  8
0
100
AcDbLine
 10
-26.61403082311153
 20
22.73068204522133
 30
0.0000020954757929
 11
-27.65673026442528
 21
24.57835152745247
 31
0.0000020954757929
  0
LINE
  5
105
330
1B2
100
AcDbEntity
  8
0
100
AcDbLine
 10
-3.501207567751408
 20
0.000000620568763
 30
0.0000020954757929
 11
-3.234680276364088
 21
1.339923357591033
 31
0.0000020954757929
  0
LINE
  5
108
330
1B2
100
AcDbEntity
  8
0
100
AcDbLine
 10
6.574539467692375
 20
-0.3820345446001738
 30
0.0000020954757929
 11
6.790943909436464
 21
-0.7059022900648415
 31
0.0000020954757929
  0
LINE
  5
109
330
1B2
100
AcDbEntity
  8
0
100
AcDbLine
 10
-34.89192947745323
 20
2.746069105342031
 30
0.0000020954757929
 11
-36.82152181863785
 21
3.627981757745147
 31
0.0000020954757929
  0
LINE
  5
10A
330
1B2
100
AcDbEntity
  8
0
100
AcDbLine
 10
6.574539467692375
 20
-0.3820345446001738
 30
0.0000020954757929
 11
6.498549599200487
 21
-0.000004505141149
 31
0.0000020954757929
  0
LINE
  5
10D
330
1B2
100
AcDbEntity
  8
0
100
AcDbLine
 10
-29.84222769737244
 20
-18.28745007514954
 30
0.0000020954757929
 11
-31.92167729139328
 21
-18.70815455913544
 31
0.0000020954757929
  0
LINE
  5
111
330
1B2
100
AcDbEntity
  8
0
100
AcDbLine
 10
-21.10688202083111
 20
-24.71319399774075
 30
0.0000020954757929
 11
-19.10284161567688
 21
-26.29305236041546
 31
0.0000020954757929
  0
LINE
  5
112
330
1B2
100
AcDbEntity
  8
0
100
AcDbLine
 10
31.60220012068748
 20
7.586974650621414
 30
0.0000020954757929
 11
34.03312712907791
 21
8.170588873326778
 31
0.0000020954757929
  0
LINE
  5
113
330
1B2
100
AcDbEntity
  8
0
100
AcDbLine
 10
-13.39374110102654
 20
-32.3357842862606
 30
0.0000020954757929
 11
-14.82876762747765
 21
-33.89841318130493
 31
0.0000020954757929
  0
LINE
  5
114
330
1B2
100
AcDbEntity
  8
0
100
AcDbLine
 10
31.60220012068748
 20
7.586974650621414
 30
0.0000020954757929
 11
30.90951591730118
 21
10.04305295646191
 31
0.0000020954757929
  0
LINE
  5
116
330
1B2
100
AcDbEntity
  8
0
100
AcDbLine
 10
33.89859199523926
 20
14.82894737273455
 30
0.0000020954757929
 11
32.96742215752602
 21
16.79764874279499
 31
0.0000020954757929
  0
LINE
  5
117
330
1B2
100
AcDbEntity
  8
0
100
AcDbLine
 10
21.10723964869976
 20
24.71319399774075
 30
0.0000020954757929
 11
22.73086085915565
 21
26.61420963704586
 31
0.0000020954757929
  0
LINE
  5
118
330
1B2
100
AcDbEntity
  8
0
100
AcDbLine
 10
36.1408069729805
 20
-7.928116247057915
 30
0.0000020954757929
 11
36.54464706778526
 21
-5.788074806332588
 31
0.0000020954757929
  0
LINE
  5
119
330
1B2
100
AcDbEntity
  8
0
100
AcDbLine
 10
8.17076675593853
 20
-34.03294831514359
 30
0.0000020954757929
 11
7.928295992314816
 21
-36.14062815904617
 31
0.0000020954757929
  0
LINE
  5
11A
330
1B2
100
AcDbEntity
  8
0
100
AcDbLine
 10
21.10723964869976
 20
24.71319399774075
 30
0.0000020954757929
 11
19.10319924354553
 21
26.29305236041546
 31
0.0000020954757929
  0
LINE
  5
11C
330
1B2
100
AcDbEntity
  8
0
100
AcDbLine
 10
18.70833337306976
 20
31.92185610532761
 30
0.0000020954757929
 11
16.79782755672932
 21
32.96724334359169
 31
0.0000020954757929
  0
LINE
  5
11D
330
1B2
100
AcDbEntity
  8
0
100
AcDbLine
 10
2.550099743530154
 20
32.39981457591057
 30
0.0000020954757929
 11
2.746247453615069
 21
34.89210829138756
 31
0.0000020954757929
  0
LINE
  5
11E
330
1B2
100
AcDbEntity
  8
0
100
AcDbLine
 10
26.61438845098019
 20
-22.73068204522133
 30
0.0000020954757929
 11
27.65708789229393
 21
-24.57835152745247
 31
0.0000020954757929
  0
LINE
  5
11F
330
1B2
100
AcDbEntity
  8
0
100
AcDbLine
 10
2.550099743530154
 20
32.39981457591057
 30
0.0000020954757929
 11
0.0001791443935417
 21
32.4999988079071
 31
0.0000020954757929
  0
LINE
  5
121
330
1B2
100
AcDbEntity
  8
0
100
AcDbLine
 10
-3.627802012488246
 20
36.82170063257217
 30
0.0000020954757929
 11
-5.787895992398262
 21
36.54446825385094
 31
0.0000020954757929
  0
LINE
  5
122
330
1B2
100
AcDbEntity
  8
0
100
AcDbLine
 10
-16.98102429509163
 20
27.7108047157526
 30
0.0000020954757929
 11
-18.28727126121521
 21
29.84240651130676
 31
0.0000020954757929
  0
LINE
  5
123
330
1B2
100
AcDbEntity
  8
0
100
AcDbLine
 10
34.89228710532188
 20
-2.746067708358169
 30
0.0000020954757929
 11
36.8218794465065
 21
-3.627980360761285
 31
0.0000020954757929
  0
LINE
  5
124
330
1B2
100
AcDbEntity
  8
0
100
AcDbLine
 10
-16.98102429509163
 20
27.7108047157526
 30
0.0000020954757929
 11
-19.10284161567688
 21
26.29305236041546
 31
0.0000020954757929
  0
LINE
  5
125
330
1B2
100
AcDbEntity
  8
0
100
AcDbLine
 10
-8.207466453313828
 20
0.7082075462676585
 30
0.0000020954757929
 11
-7.882531732320786
 21
0.9253174648620188
 31
0.0000020954757929
  0
LINE
  5
127
330
1B2
100
AcDbEntity
  8
0
100
AcDbLine
 10
-24.57817271351814
 20
27.6569090783596
 30
0.0000020954757929
 11
-26.16277150809765
 21
26.16295032203197
 31
0.0000020954757929
  0
LINE
  5
128
330
1B2
100
AcDbEntity
  8
0
100
AcDbLine
 10
1.340101938694715
 20
3.234860021620989
 30
0.0000020954757929
 11
2.476033288985491
 21
2.475854940712452
 31
0.0000020954757929
  0
LINE
  5
12A
330
1B2
100
AcDbEntity
  8
0
100
AcDbLine
 10
-30.0259068608284
 20
12.43721228092909
 30
0.0000020954757929
 11
-32.33560547232628
 21
13.39392084628344
 31
0.0000020954757929
  0
LINE
  5
12B
330
1B2
100
AcDbEntity
  8
0
100
AcDbLine
 10
3.501565661281347
 20
0.000000620568763
 30
0.0000020954757929
 11
3.235038369894028
 21
-1.339922193437815
 31
0.0000020954757929
  0
LINE
  5
12C
330
1B2
100
AcDbEntity
  8
0
100
AcDbLine
 10
7.496841717511415
 20
-0.9982954943552613
 30
0.0000020954757929
 11
7.114812266081572
 21
-0.9223062661476433
 31
0.0000020954757929
  0
LINE
  5
12D
330
1B2
100
AcDbEntity
  8
0
100
AcDbLine
 10
7.496841717511415
 20
-0.9982954943552613
 30
0.0000020954757929
 11
7.878871634602547
 21
-0.9223062661476433
 31
0.0000020954757929
  0
LINE
  5
12E
330
1B2
100
AcDbEntity
  8
0
100
AcDbLine
 10
-30.0259068608284
 20
12.43721228092909
 30
0.0000020954757929
 11
-30.90915828943253
 21
10.04305295646191
 31
0.0000020954757929
  0
LINE
  5
12F
330
1B2
100
AcDbEntity
  8
0
100
AcDbLine
 10
-36.14044934511185
 20
7.928118109703064
 30
0.0000020954757929
 11
-36.54428943991661
 21
5.788075737655163
 31
0.0000020954757929
  0
LINE
  5
131
330
1B2
100
AcDbEntity
  8
0
100
AcDbLine
 10
-31.60184249281883
 20
-7.58697371929884
 30
0.0000020954757929
 11
-34.03276950120926
 21
-8.17058701068163
 31
0.0000020954757929
  0
LINE
  5
132
330
1B2
100
AcDbEntity
  8
0
100
AcDbLine
 10
-31.60184249281883
 20
-7.58697371929884
 30
0.0000020954757929
 11
-30.90915828943253
 21
-10.04305109381676
 31
0.0000020954757929
  0
LINE
  5
134
330
1B2
100
AcDbEntity
  8
0
100
AcDbLine
 10
-33.89823436737061
 20
-14.8289455100894
 30
0.0000020954757929
 11
-32.96706452965736
 21
-16.79764874279499
 31
0.0000020954757929
  0
LINE
  5
138
330
1B2
100
AcDbEntity
  8
0
100
AcDbLine
 10
34.89228710532188
 20
2.746069105342031
 30
0.0000020954757929
 11
36.8218794465065
 21
3.627981757745147
 31
0.0000020954757929
  0
LINE
  5
139
330
1B2
100
AcDbEntity
  8
0
100
AcDbLine
 10
-16.98102429509163
 20
-27.7108047157526
 30
0.0000020954757929
 11
-18.28727126121521
 21
-29.84240651130676
 31
0.0000020954757929
  0
LINE
  5
13B
330
1B2
100
AcDbEntity
  8
0
100
AcDbLine
 10
30.90951591730118
 20
10.04305295646191
 30
0.0000020954757929
 11
30.02626448869705
 21
12.43721228092909
 31
0.0000020954757929
  0
LINE
  5
13C
330
1B2
100
AcDbEntity
  8
0
100
AcDbLine
 10
-12.43703253567219
 20
-30.02608567476273
 30
0.0000020954757929
 11
-10.04287321120501
 21
-30.90933710336685
 31
0.0000020954757929
  0
LINE
  5
13D
330
1B2
100
AcDbEntity
  8
0
100
AcDbLine
 10
32.96742215752602
 20
16.79764874279499
 30
0.0000020954757929
 11
31.92203491926193
 21
18.70815455913544
 31
0.0000020954757929
  0
LINE
  5
140
330
1B2
100
AcDbEntity
  8
0
100
AcDbLine
 10
-2.549741650000215
 20
-32.39981457591057
 30
0.0000020954757929
 11
0.0001791443935417
 21
-32.4999988079071
 31
0.0000020954757929
  0
LINE
  5
142
330
1B2
100
AcDbEntity
  8
0
100
AcDbLine
 10
26.61438845098019
 20
22.73068204522133
 30
0.0000020954757929
 11
27.65708789229393
 21
24.57835152745247
 31
0.0000020954757929
  0
LINE
  5
143
330
1B2
100
AcDbEntity
  8
0
100
AcDbLine
 10
2.550099743530154
 20
-32.39981457591057
 30
0.0000020954757929
 11
2.746247453615069
 21
-34.89210829138756
 31
0.0000020954757929
  0
LINE
  5
144
330
1B2
100
AcDbEntity
  8
0
100
AcDbLine
 10
19.10319924354553
 20
26.29305236041546
 30
0.0000020954757929
 11
16.98138192296028
 21
27.7108047157526
 31
0.0000020954757929
  0
LINE
  5
145
330
1B2
100
AcDbEntity
  8
0
100
AcDbLine
 10
16.79782755672932
 20
32.96724334359169
 30
0.0000020954757929
 11
14.8291252553463
 21
33.89841318130493
 31
0.0000020954757929
  0
LINE
  5
149
330
1B2
100
AcDbEntity
  8
0
100
AcDbLine
 10
8.17076675593853
 20
34.03294831514359
 30
0.0000020954757929
 11
7.928295992314816
 21
36.14062815904617
 31
0.0000020954757929
  0
LINE
  5
14A
330
1B2
100
AcDbEntity
  8
0
100
AcDbLine
 10
21.10723964869976
 20
-24.71319399774075
 30
0.0000020954757929
 11
22.73086085915565
 21
-26.61420963704586
 31
0.0000020954757929
  0
LINE
  5
14B
330
1B2
100
AcDbEntity
  8
0
100
AcDbLine
 10
8.495132438838482
 20
-0.000004505141149
 30
0.0000020954757929
 11
8.419143036007881
 21
-0.3820345446001738
 31
0.0000020954757929
  0
LINE
  5
14C
330
1B2
100
AcDbEntity
  8
0
100
AcDbLine
 10
0.0001791443935417
 20
32.4999988079071
 30
0.0000020954757929
 11
-2.549741650000215
 21
32.39981457591057
 31
0.0000020954757929
  0
LINE
  5
14D
330
1B2
100
AcDbEntity
  8
0
100
AcDbLine
 10
-5.787895992398262
 20
36.54446825385094
 30
0.0000020954757929
 11
-7.927938364446163
 21
36.14062815904617
 31
0.0000020954757929
  0
LINE
  5
151
330
1B2
100
AcDbEntity
  8
0
100
AcDbLine
 10
-13.39374110102654
 20
32.3357842862606
 30
0.0000020954757929
 11
-14.82876762747765
 21
33.89841318130493
 31
0.0000020954757929
  0
LINE
  5
152
330
1B2
100
AcDbEntity
  8
0
100
AcDbLine
 10
31.60220012068748
 20
-7.58697371929884
 30
0.0000020954757929
 11
34.03312712907791
 21
-8.17058701068163
 31
0.0000020954757929
  0
LINE
  5
153
330
1B2
100
AcDbEntity
  8
0
100
AcDbLine
 10
-19.10284161567688
 20
26.29305236041546
 30
0.0000020954757929
 11
-21.10688202083111
 21
24.71319399774075
 31
0.0000020954757929
  0
LINE
  5
154
330
1B2
100
AcDbEntity
  8
0
100
AcDbLine
 10
-7.115972694009542
 20
0.9253174648620188
 30
0.0000020954757929
 11
-7.49925198033452
 21
1.001552562229335
 31
0.0000020954757929
  0
LINE
  5
155
330
1B2
100
AcDbEntity
  8
0
100
AcDbLine
 10
-26.16277150809765
 20
26.16295032203197
 30
0.0000020954757929
 11
-27.65673026442528
 21
24.57835152745247
 31
0.0000020954757929
  0
LINE
  5
156
330
1B2
100
AcDbEntity
  8
0
100
AcDbLine
 10
-7.115972694009542
 20
0.9253174648620188
 30
0.0000020954757929
 11
-6.791043095290661
 21
0.7082075462676585
 31
0.0000020954757929
  0
LINE
  5
158
330
1B2
100
AcDbEntity
  8
0
100
AcDbLine
 10
-29.84222769737244
 20
18.28745007514954
 30
0.0000020954757929
 11
-31.92167729139328
 21
18.70815455913544
 31
0.0000020954757929
  0
LINE
  5
159
330
1B2
100
AcDbEntity
  8
0
100
AcDbLine
 10
8.202741853892803
 20
0.7058940245769918
 30
0.0000020954757929
 11
7.878871634602547
 21
0.9222980006597936
 31
0.0000020954757929
  0
LINE
  5
15A
330
1B2
100
AcDbEntity
  8
0
100
AcDbLine
 10
-30.90915828943253
 20
10.04305295646191
 30
0.0000020954757929
 11
-31.60184249281883
 21
7.586974650621414
 31
0.0000020954757929
  0
LINE
  5
15C
330
1B2
100
AcDbEntity
  8
0
100
AcDbLine
 10
-36.54428943991661
 20
5.788075737655163
 30
0.0000020954757929
 11
-36.82152181863785
 21
3.627981757745147
 31
0.0000020954757929
  0
LINE
  5
15E
330
1B2
100
AcDbEntity
  8
0
100
AcDbLine
 10
-34.89192947745323
 20
-2.746067708358169
 30
0.0000020954757929
 11
-36.82152181863785
 21
-3.627980360761285
 31
0.0000020954757929
  0
LINE
  5
15F
330
1B2
100
AcDbEntity
  8
0
100
AcDbLine
 10
-30.90915828943253
 20
-10.04305109381676
 30
0.0000020954757929
 11
-30.0259068608284
 21
-12.43721041828394
 31
0.0000020954757929
  0
LINE
  5
161
330
1B2
100
AcDbEntity
  8
0
100
AcDbLine
 10
-32.96706452965736
 20
-16.79764874279499
 30
0.0000020954757929
 11
-31.92167729139328
 21
-18.70815455913544
 31
0.0000020954757929
  0
LINE
  5
163
330
1B2
100
AcDbEntity
  8
0
100
AcDbLine
 10
-26.61403082311153
 20
-22.73068204522133
 30
0.0000020954757929
 11
-27.65673026442528
 21
-24.57835152745247
 31
0.0000020954757929
  0
LINE
  5
164
330
1B2
100
AcDbEntity
  8
0
100
AcDbLine
 10
-19.10284161567688
 20
-26.29305236041546
 30
0.0000020954757929
 11
-16.98102429509163
 21
-27.7108047157526
 31
0.0000020954757929
  0
LINE
  5
167
330
1B2
100
AcDbEntity
  8
0
100
AcDbLine
 10
-16.79746992886066
 20
-32.96724334359169
 30
0.0000020954757929
 11
-14.82876762747765
 21
-33.89841318130493
 31
0.0000020954757929
  0
LINE
  5
169
330
1B2
100
AcDbEntity
  8
0
100
AcDbLine
 10
30.02626448869705
 20
12.43721228092909
 30
0.0000020954757929
 11
32.33596310019493
 21
13.39392084628344
 31
0.0000020954757929
  0
LINE
  5
16B
330
1B2
100
AcDbEntity
  8
0
100
AcDbLine
 10
-8.170409128069878
 20
-34.03294831514359
 30
0.0000020954757929
 11
-7.927938364446163
 21
-36.14062815904617
 31
0.0000020954757929
  0
LINE
  5
16C
330
1B2
100
AcDbEntity
  8
0
100
AcDbLine
 10
0.0001791443935417
 20
-32.4999988079071
 30
0.0000020954757929
 11
2.550099743530154
 21
-32.39981457591057
 31
0.0000020954757929
  0
LINE
  5
16F
330
1B2
100
AcDbEntity
  8
0
100
AcDbLine
 10
5.788254551589489
 20
-36.54446825385094
 30
0.0000020954757929
 11
7.928295992314816
 21
-36.14062815904617
 31
0.0000020954757929
  0
LINE
  5
171
330
1B2
100
AcDbEntity
  8
0
100
AcDbLine
 10
16.98138192296028
 20
27.7108047157526
 30
0.0000020954757929
 11
18.28762888908386
 21
29.84240651130676
 31
0.0000020954757929
  0
LINE
  5
173
330
1B2
100
AcDbEntity
  8
0
100
AcDbLine
 10
13.39409872889519
 20
-32.3357842862606
 30
0.0000020954757929
 11
14.8291252553463
 21
-33.89841318130493
 31
0.0000020954757929
  0
LINE
  5
174
330
1B2
100
AcDbEntity
  8
0
100
AcDbLine
 10
19.10319924354553
 20
-26.29305236041546
 30
0.0000020954757929
 11
21.10723964869976
 21
-24.71319399774075
 31
0.0000020954757929
  0
LINE
  5
177
330
1B2
100
AcDbEntity
  8
0
100
AcDbLine
 10
-8.424576371908188
 20
-0.3832853399217129
 30
0.0000020954757929
 11
-8.207466453313828
 21
-0.7082154625095427
 31
0.0000020954757929
  0
LINE
  5
178
330
1B2
100
AcDbEntity
  8
0
100
AcDbLine
 10
26.1631291359663
 20
-26.16295032203197
 30
0.0000020954757929
 11
27.65708789229393
 21
-24.57835152745247
 31
0.0000020954757929
  0
LINE
  5
17A
330
1B2
100
AcDbEntity
  8
0
100
AcDbLine
 10
-2.549741650000215
 20
32.39981457591057
 30
0.0000020954757929
 11
-2.74588936008513
 21
34.89210829138756
 31
0.0000020954757929
  0
LINE
  5
17C
330
1B2
100
AcDbEntity
  8
0
100
AcDbLine
 10
29.84258532524109
 20
-18.28745007514954
 30
0.0000020954757929
 11
31.92203491926193
 21
-18.70815455913544
 31
0.0000020954757929
  0
LINE
  5
17D
330
1B2
100
AcDbEntity
  8
0
100
AcDbLine
 10
-6.573933176696301
 20
0.3832735819742084
 30
0.0000020954757929
 11
-6.791043095290661
 21
0.7082075462676585
 31
0.0000020954757929
  0
LINE
  5
17E
330
1B2
100
AcDbEntity
  8
0
100
AcDbLine
 10
30.90951591730118
 20
-10.04305109381676
 30
0.0000020954757929
 11
31.60220012068748
 21
-7.58697371929884
 31
0.0000020954757929
  0
LINE
  5
181
330
1B2
100
AcDbEntity
  8
0
100
AcDbLine
 10
36.54464706778526
 20
-5.788074806332588
 30
0.0000020954757929
 11
36.8218794465065
 21
-3.627980360761285
 31
0.0000020954757929
  0
LINE
  5
184
330
1B2
100
AcDbEntity
  8
0
100
AcDbLine
 10
-21.10688202083111
 20
24.71319399774075
 30
0.0000020954757929
 11
-22.730503231287
 21
26.61420963704586
 31
0.0000020954757929
  0
LINE
  5
186
330
1B2
100
AcDbEntity
  8
0
100
AcDbLine
 10
-6.573933176696301
 20
-0.3832853399217129
 30
0.0000020954757929
 11
-6.791043095290661
 21
-0.7082154625095427
 31
0.0000020954757929
  0
LINE
  5
187
330
1B2
100
AcDbEntity
  8
0
100
AcDbLine
 10
6.574539467692375
 20
0.382025318685919
 30
0.0000020954757929
 11
6.498549599200487
 21
-0.000004505141149
 31
0.0000020954757929
  0
LINE
  5
18A
330
1B2
100
AcDbEntity
  8
0
100
AcDbLine
 10
7.496841717511415
 20
0.9982880437746644
 30
0.0000020954757929
 11
7.878871634602547
 21
0.9222980006597936
 31
0.0000020954757929
  0
LINE
  5
18B
330
1B2
100
AcDbEntity
  8
0
100
AcDbLine
 10
6.574539467692375
 20
0.382025318685919
 30
0.0000020954757929
 11
6.790943909436464
 21
0.7058940245769918
 31
0.0000020954757929
  0
LINE
  5
18D
330
1B2
100
AcDbEntity
  8
0
100
AcDbLine
 10
-31.60184249281883
 20
7.586974650621414
 30
0.0000020954757929
 11
-34.03276950120926
 21
8.170588873326778
 31
0.0000020954757929
  0
LINE
  5
18E
330
1B2
100
AcDbEntity
  8
0
100
AcDbLine
 10
-7.49925198033452
 20
1.001552562229335
 30
0.0000020954757929
 11
-7.882531732320786
 21
0.9253174648620188
 31
0.0000020954757929
  0
LINE
  5
192
330
1B2
100
AcDbEntity
  8
0
100
AcDbLine
 10
-30.0259068608284
 20
-12.43721041828394
 30
0.0000020954757929
 11
-32.33560547232628
 21
-13.39391898363829
 31
0.0000020954757929
  0
VIEWPORT
  5
25F
330
1AE
100
AcDbEntity
 67
     1
  8
0
100
AcDbViewport
 10
5.25
 20
4.0
 30
0.0
 40
11.638
 41
8.993
 68
     1
 69
     1
 12
5.25
 22
4.0
 13
0.0
 23
0.0
 14
0.5
 24
0.5
 15
0.5
 25
0.5
 16
0.0
 26
0.0
 36
1.0
 17
0.0
 27
0.0
 37
0.0
 42
50.0
 43
0.0
 44
0.0
 45
8.993
 50
0.0
 51
0.0
 72
   100
 90
   557152
  1

281
     0
 71
     1
 74
     0
110
0.0
120
0.0
130
0.0
111
1.0
121
0.0
131
0.0
112
0.0
122
1.0
132
0.0
 79
     0
146
0.0
170
     0
 61
     5
348
1C2
292
     1
282
     1
141
0.0
142
0.0
 63
   256
361
260
  0
ENDSEC
  0
SECTION
  2
OBJECTS
  0
DICTIONARY
  5
1A0
330
0
100
AcDbDictionary
281
     1
  3
ACAD_DETAILVIEWSTYLE
350
269
  3
ACAD_GROUP
350
1A1
  3
ACAD_IMAGE_VARS
350
229
  3
ACAD_LAYOUT
350
1AD
  3
ACAD_MATERIAL
350
1D6
  3
ACAD_MLEADERSTYLE
350
1EE
  3
ACAD_MLINESTYLE
350
1AA
  3
ACAD_PLOTSETTINGS
350
1AC
  3
ACAD_PLOTSTYLENAME
350
1A2
  3
ACAD_SCALELIST
350
1DA
  3
ACAD_SECTIONVIEWSTYLE
350
26A
  3
ACAD_TABLESTYLE
350
1EC
  3
ACAD_VISUALSTYLE
350
1BD
  3
ACDB_RECOMPOSE_DATA
350
266
  3
AcDbVariableDictionary
350
262
  3
QCAD_OBJECTS
350
1F2
  0
SUN
  5
1F0
330
1BC
100
AcDbSun
 90
        1
290
     0
 63
     7
421
 16777215
 40
1.0
291
     1
 91
  2455826
 92
 54000000
292
     0
 70
     2
 71
   256
280
     1
  0
SUN
  5
260
330
25F
100
AcDbSun
 90
        1
290
     0
 63
     7
421
 16777215
 40
1.0
291
     1
 91
  2455826
 92
 54000000
292
     0
 70
     2
 71
   256
280
     1
  0
DICTIONARY
  5
269
102
{ACAD_REACTORS
330
1A0
102
}
330
1A0
100
AcDbDictionary
281
     1
  0
DICTIONARY
  5
1A1
102
{ACAD_REACTORS
330
1A0
102
}
330
1A0
100
AcDbDictionary
281
     1
  0
RASTERVARIABLES
  5
229
102
{ACAD_REACTORS
330
1A0
102
}
330
1A0
100
AcDbRasterVariables
 90
        0
 70
     1
 71
     1
 72
     0
  0
DICTIONARY
  5
1AD
102
{ACAD_REACTORS
330
1A0
102
}
330
1A0
100
AcDbDictionary
281
     1
  3
Layout1
350
1B1
  3
Model
350
1B5
  0
DICTIONARY
  5
1D6
102
{ACAD_REACTORS
330
1A0
102
}
330
1A0
100
AcDbDictionary
281
     1
  3
ByBlock
350
1D8
  3
ByLayer
350
1D7
  3
Global
350
1D9
  0
DICTIONARY
  5
1EE
102
{ACAD_REACTORS
330
1A0
102
}
330
1A0
100
AcDbDictionary
281
     1
  3
Standard
350
1EF
  0
DICTIONARY
  5
1AA
102
{ACAD_REACTORS
330
1A0
102
}
330
1A0
100
AcDbDictionary
281
     1
  3
Standard
350
1AB
  0
DICTIONARY
  5
1AC
102
{ACAD_REACTORS
330
1A0
102
}
330
1A0
100
AcDbDictionary
281
     1
  0
ACDBDICTIONARYWDFLT
  5
1A2
102
{ACAD_REACTORS
330
1A0
102
}
330
1A0
100
AcDbDictionary
281
     1
  3
Normal
350
1A3
100
AcDbDictionaryWithDefault
340
1A3
  0
DICTIONARY
  5
1DA
102
{ACAD_REACTORS
330
1A0
102
}
330
1A0
100
AcDbDictionary
281
     1
  3
A0
350
1DB
  3
A1
350
1DC
  3
A2
350
1DD
  3
A3
350
1DE
  3
A4
350
1DF
  3
A5
350
1E0
  3
A6
350
1E1
  3
A7
350
1E2
  3
A8
350
1E3
  3
A9
350
1E4
  3
B1
350
1E5
  3
B2
350
1E6
  3
B3
350
1E7
  3
B4
350
1E8
  3
B5
350
1E9
  3
B6
350
1EA
  3
B7
350
1EB
  0
DICTIONARY
  5
26A
102
{ACAD_REACTORS
330
1A0
102
}
330
1A0
100
AcDbDictionary
281
     1
  0
DICTIONARY
  5
1EC
102
{ACAD_REACTORS
330
1A0
102
}
330
1A0
100
AcDbDictionary
281
     1
  3
Standard
350
1ED
  0
DICTIONARY
  5
1BD
102
{ACAD_REACTORS
330
1A0
102
}
330
1A0
100
AcDbDictionary
281
     1
  3
2dWireframe
350
1C2
  3
Basic
350
1C5
  3
Brighten
350
1C9
  3
ColorChange
350
1CD
  3
Conceptual
350
1C7
  3
Dim
350
1C8
  3
EdgeColorOff
350
1D0
  3
Facepattern
350
1CC
  3
Flat
350
1BE
  3
FlatWithEdges
350
1BF
  3
Gouraud
350
1C0
  3
GouraudWithEdges
350
1C1
  3
Hidden
350
1C4
  3
JitterOff
350
1CE
  3
Linepattern
350
1CB
  3
OverhangOff
350
1CF
  3
Realistic
350
1C6
  3
Shaded
350
1D5
  3
Shaded with edges
350
1D4
  3
Shades of Gray
350
1D1
  3
Sketchy
350
1D2
  3
Thicken
350
1CA
  3
Wireframe
350
1C3
  3
X-Ray
350
1D3
  0
XRECORD
  5
266
102
{ACAD_REACTORS
330
1A0
102
}
330
1A0
100
AcDbXrecord
280
     1
 90
        1
330
1ED
  0
DICTIONARY
  5
262
102
{ACAD_REACTORS
330
1A0
102
}
330
1A0
100
AcDbDictionary
281
     1
  3
CANNOSCALE
350
263
  3
CMLEADERSTYLE
350
268
  3
CTABLESTYLE
350
267
  0
DICTIONARY
  5
1F2
102
{ACAD_REACTORS
330
1A0
102
}
330
1A0
100
AcDbDictionary
281
     1
  3
ColorSettings/BackgroundColor
350
1F4
  3
ColorSettings/ColorMode
350
1F5
  3
Grid/DisplayGrid00
350
1F6
  3
Grid/DisplayGrid01
350
1F7
  3
Grid/DisplayGrid02
350
1F8
  3
Grid/DisplayGrid03
350
1F9
  3
Grid/GridSpacingX00
350
1FA
  3
Grid/GridSpacingX01
350
1FB
  3
Grid/GridSpacingX02
350
1FC
  3
Grid/GridSpacingX03
350
1FD
  3
Grid/GridSpacingY00
350
1FE
  3
Grid/GridSpacingY01
350
1FF
  3
Grid/GridSpacingY02
350
200
  3
Grid/GridSpacingY03
350
201
  3
Grid/IsometricGrid00
350
202
  3
Grid/IsometricGrid01
350
203
  3
Grid/IsometricGrid02
350
204
  3
Grid/IsometricGrid03
350
205
  3
Grid/IsometricProjection00
350
206
  3
Grid/IsometricProjection01
350
207
  3
Grid/IsometricProjection02
350
208
  3
Grid/IsometricProjection03
350
209
  3
Grid/MetaGridSpacingX00
350
20A
  3
Grid/MetaGridSpacingX01
350
20B
  3
Grid/MetaGridSpacingX02
350
20C
  3
Grid/MetaGridSpacingX03
350
20D
  3
Grid/MetaGridSpacingY00
350
20E
  3
Grid/MetaGridSpacingY01
350
20F
  3
Grid/MetaGridSpacingY02
350
210
  3
Grid/MetaGridSpacingY03
350
211
  3
MultiPageSettings/Columns
350
212
  3
MultiPageSettings/GlueMarginsBottom
350
213
  3
MultiPageSettings/GlueMarginsLeft
350
214
  3
MultiPageSettings/GlueMarginsRight
350
215
  3
MultiPageSettings/GlueMarginsTop
350
216
  3
MultiPageSettings/PrintCropMarks
350
217
  3
MultiPageSettings/Rows
350
218
  3
PageSettings/OffsetX
350
219
  3
PageSettings/OffsetY
350
21A
  3
PageSettings/PageOrientation
350
21B
  3
PageSettings/PaperHeight
350
21C
  3
PageSettings/PaperWidth
350
21D
  3
PageSettings/Scale
350
21E
  3
PageSettings/ShowPaperBorders
350
21F
  3
PageTagSettings/EnablePageTags
350
220
  3
PageTagSettings/TagAlignment
350
221
  3
PageTagSettings/TagFont
350
222
  3
PageTagSettings/TagPosition
350
223
  3
QCADVersion
350
224
  3
UnitSettings/PaperUnit
350
225
  3
ViewportCenter
350
226
  3
ViewportHeight
350
227
  3
ViewportWidth
350
228
  0
LAYOUT
  5
1B1
102
{ACAD_REACTORS
330
1AD
102
}
330
1AD
100
AcDbPlotSettings
  1

  2
none_device
  4
Letter_(8.50_x_11.00_Inches)
  6

 40
6.35
 41
6.35
 42
6.35001
 43
6.35001
 44
215.9
 45
279.4
 46
0.0
 47
0.0
 48
0.0
 49
0.0
140
0.0
141
0.0
142
1.0
143
1.0
 70
   688
 72
     0
 73
     1
 74
     5
  7

 75
    16
 76
     0
 77
     2
 78
   300
147
1.0
148
0.0
149
0.0
100
AcDbLayout
  1
Layout1
 70
     1
 71
     1
 10
-0.25
 20
-0.25
 11
10.75
 21
8.25
 12
0.0
 22
0.0
 32
0.0
 14
1.000000000000000E+20
 24
1.000000000000000E+20
 34
1.000000000000000E+20
 15
-1.000000000000000E+20
 25
-1.000000000000000E+20
 35
-1.000000000000000E+20
146
0.0
 13
0.0
 23
0.0
 33
0.0
 16
1.0
 26
0.0
 36
0.0
 17
0.0
 27
1.0
 37
0.0
 76
     0
330
1AE
331
25F
  0
LAYOUT
  5
1B5
102
{ACAD_REACTORS
330
1AD
102
}
330
1AD
100
AcDbPlotSettings
  1

  2
none_device
  4
Letter_(8.50_x_11.00_Inches)
  6

 40
6.35
 41
6.35
 42
6.35000508
 43
6.35000508
 44
215.9
 45
279.4
 46
0.0
 47
0.0
 48
0.0
 49
0.0
140
0.0
141
0.0
142
1.0
143
1.0
 70
  1712
 72
     0
 73
     0
 74
     0
  7

 75
     0
 76
     0
 77
     2
 78
   300
147
1.0
148
0.0
149
0.0
100
AcDbLayout
  1
Model
 70
     1
 71
     0
 10
0.0
 20
0.0
 11
12.0
 21
9.0
 12
0.0
 22
0.0
 32
0.0
 14
-36.82152181863785
 24
-36.82170063257217
 34
0.0000020954757929
 15
36.8218794465065
 25
36.82170063257217
 35
0.0000020954757929
146
0.0
 13
0.0
 23
0.0
 33
0.0
 16
1.0
 26
0.0
 36
0.0
 17
0.0
 27
1.0
 37
0.0
 76
     0
330
1B2
331
1BC
  0
MATERIAL
  5
1D8
102
{ACAD_REACTORS
330
1D6
102
}
330
1D6
100
AcDbMaterial
  1
ByBlock
 72
     1
 94
      127
  0
MATERIAL
  5
1D7
102
{ACAD_REACTORS
330
1D6
102
}
330
1D6
100
AcDbMaterial
  1
ByLayer
 72
     1
 94
      127
  0
MATERIAL
  5
1D9
102
{ACAD_REACTORS
330
1D6
102
}
330
1D6
100
AcDbMaterial
  1
Global
 72
     1
 94
      127
  0
MLEADERSTYLE
  5
1EF
102
{ACAD_REACTORS
330
1EE
102
}
330
1EE
100
AcDbMLeaderStyle
179
     2
170
     2
171
     1
172
     0
 90
        2
 40
0.0
 41
0.0
173
     1
 91
-1056964608
340
1A7
 92
       -2
290
     1
 42
0.09
291
     1
 43
0.36
  3
Standard
341
0
 44
0.18
300

342
1A5
174
     1
178
     6
175
     1
176
     0
 93
-1056964608
 45
0.18
292
     0
297
     0
 46
0.18
343
0
 94
-1056964608
 47
1.0
 49
1.0
140
1.0
293
     1
141
0.0
294
     1
177
     0
142
1.0
295
     0
296
     0
143
0.125
271
     0
272
     9
273
     9
298
     0
  0
MLINESTYLE
  5
1AB
102
{ACAD_REACTORS
330
1AA
102
}
330
1AA
100
AcDbMlineStyle
  2
Standard
 70
     0
  3

 62
   256
 51
90.0
 52
90.0
 71
     2
 49
0.5
 62
   256
  6
BYLAYER
 49
-0.5
 62
   256
  6
BYLAYER
  0
ACDBPLACEHOLDER
  5
1A3
102
{ACAD_REACTORS
330
1A2
102
}
330
1A2
  0
SCALE
  5
1DB
102
{ACAD_REACTORS
330
1DA
102
}
330
1DA
100
AcDbScale
 70
     0
300
1:1
140
1.0
141
1.0
290
     1
  0
SCALE
  5
1DC
102
{ACAD_REACTORS
330
1DA
102
}
330
1DA
100
AcDbScale
 70
     0
300
1/128" = 1'-0"
140
0.0078125
141
12.0
290
     0
  0
SCALE
  5
1DD
102
{ACAD_REACTORS
330
1DA
102
}
330
1DA
100
AcDbScale
 70
     0
300
1/64" = 1'-0"
140
0.015625
141
12.0
290
     0
  0
SCALE
  5
1DE
102
{ACAD_REACTORS
330
1DA
102
}
330
1DA
100
AcDbScale
 70
     0
300
1/32" = 1'-0"
140
0.03125
141
12.0
290
     0
  0
SCALE
  5
1DF
102
{ACAD_REACTORS
330
1DA
102
}
330
1DA
100
AcDbScale
 70
     0
300
1/16" = 1'-0"
140
0.0625
141
12.0
290
     0
  0
SCALE
  5
1E0
102
{ACAD_REACTORS
330
1DA
102
}
330
1DA
100
AcDbScale
 70
     0
300
3/32" = 1'-0"
140
0.09375
141
12.0
290
     0
  0
SCALE
  5
1E1
102
{ACAD_REACTORS
330
1DA
102
}
330
1DA
100
AcDbScale
 70
     0
300
1/8" = 1'-0"
140
0.125
141
12.0
290
     0
  0
SCALE
  5
1E2
102
{ACAD_REACTORS
330
1DA
102
}
330
1DA
100
AcDbScale
 70
     0
300
3/16" = 1'-0"
140
0.1875
141
12.0
290
     0
  0
SCALE
  5
1E3
102
{ACAD_REACTORS
330
1DA
102
}
330
1DA
100
AcDbScale
 70
     0
300
1/4" = 1'-0"
140
0.25
141
12.0
290
     0
  0
SCALE
  5
1E4
102
{ACAD_REACTORS
330
1DA
102
}
330
1DA
100
AcDbScale
 70
     0
300
3/8" = 1'-0"
140
0.375
141
12.0
290
     0
  0
SCALE
  5
1E5
102
{ACAD_REACTORS
330
1DA
102
}
330
1DA
100
AcDbScale
 70
     0
300
1/2" = 1'-0"
140
0.5
141
12.0
290
     0
  0
SCALE
  5
1E6
102
{ACAD_REACTORS
330
1DA
102
}
330
1DA
100
AcDbScale
 70
     0
300
3/4" = 1'-0"
140
0.75
141
12.0
290
     0
  0
SCALE
  5
1E7
102
{ACAD_REACTORS
330
1DA
102
}
330
1DA
100
AcDbScale
 70
     0
300
1" = 1'-0"
140
1.0
141
12.0
290
     0
  0
SCALE
  5
1E8
102
{ACAD_REACTORS
330
1DA
102
}
330
1DA
100
AcDbScale
 70
     0
300
1-1/2" = 1'-0"
140
1.5
141
12.0
290
     0
  0
SCALE
  5
1E9
102
{ACAD_REACTORS
330
1DA
102
}
330
1DA
100
AcDbScale
 70
     0
300
3" = 1'-0"
140
3.0
141
12.0
290
     0
  0
SCALE
  5
1EA
102
{ACAD_REACTORS
330
1DA
102
}
330
1DA
100
AcDbScale
 70
     0
300
6" = 1'-0"
140
6.0
141
12.0
290
     0
  0
SCALE
  5
1EB
102
{ACAD_REACTORS
330
1DA
102
}
330
1DA
100
AcDbScale
 70
     0
300
1'-0" = 1'-0"
140
12.0
141
12.0
290
     0
  0
TABLESTYLE
  5
1ED
102
{ACAD_REACTORS
330
1EC
102
}
102
{ACAD_XDICTIONARY
360
264
102
}
330
1EC
100
AcDbTableStyle
  3
Standard
 70
     0
 71
     0
 40
0.06
 41
0.06
280
     0
281
     0
  7
Standard
140
0.18
170
     2
 62
     0
 63
   257
283
     0
 90
        4
 91
        0
  1

274
    -2
284
     1
 64
     0
275
    -2
285
     1
 65
     0
276
    -2
286
     1
 66
     0
277
    -2
287
     1
 67
     0
278
    -2
288
     1
 68
     0
279
    -2
289
     1
 69
     0
  7
Standard
140
0.25
170
     5
 62
     0
 63
   257
283
     0
 90
        4
 91
        0
  1

274
    -2
284
     1
 64
     0
275
    -2
285
     1
 65
     0
276
    -2
286
     1
 66
     0
277
    -2
287
     1
 67
     0
278
    -2
288
     1
 68
     0
279
    -2
289
     1
 69
     0
  7
Standard
140
0.18
170
     5
 62
     0
 63
   257
283
     0
 90
        4
 91
        0
  1

274
    -2
284
     1
 64
     0
275
    -2
285
     1
 65
     0
276
    -2
286
     1
 66
     0
277
    -2
287
     1
 67
     0
278
    -2
288
     1
 68
     0
279
    -2
289
     1
 69
     0
  0
VISUALSTYLE
  5
1C2
102
{ACAD_REACTORS
330
1BD
102
}
330
1BD
100
AcDbVisualStyle
  2
2dWireframe
 70
     4
177
     3
291
     0
 70
    58
 90
        0
176
     1
 90
        2
176
     1
 90
        0
176
     1
 90
        0
176
     1
 40
0.6
176
     1
 40
30.0
176
     1
 62
     7
420
 16777215
176
     1
 90
        1
176
     1
 90
        4
176
     1
 62
     7
176
     1
 62
   257
176
     1
 90
        1
176
     1
 90
        1
176
     1
 40
1.0
176
     1
 90
        0
176
     1
 62
   257
176
     1
 40
1.0
176
     1
 90
        1
176
     1
 90
        6
176
     1
 90
        2
176
     1
 62
     7
176
     1
 90
        5
176
     1
 90
        0
176
     1
 90
        0
176
     1
290
     0
176
     1
 90
        1
176
     1
 40
0.0
176
     1
 90
        0
176
     1
290
     1
176
     1
290
     1
176
     1
290
     0
176
     1
290
     0
176
     1
290
     0
176
     1
290
     0
176
     1
290
     0
176
     1
290
     0
176
     1
290
     0
176
     1
 90
       50
176
     1
 40
0.0
176
     1
 40
1.0
176
     1
 90
        0
176
     1
 62
    18
420
        0
176
     1
 90
       50
176
     1
 90
        3
176
     1
 62
     5
420
      255
176
     1
290
     0
176
     1
 90
       50
176
     1
 90
       50
176
     1
 90
       50
176
     1
290
     0
176
     1
 90
       50
176
     1
 62
   256
176
     0
 40
1.0
176
     0
 90
        2
176
     1
  1
strokes_ogs.tif
176
     1
290
     0
176
     1
 40
1.0
176
     1
 40
1.0
176
     1
  0
VISUALSTYLE
  5
1C5
102
{ACAD_REACTORS
330
1BD
102
}
330
1BD
100
AcDbVisualStyle
  2
Basic
 70
     7
177
     3
291
     1
 70
    58
 90
        1
176
     1
 90
        0
176
     1
 90
        1
176
     1
 90
        0
176
     1
 40
0.6
176
     1
 40
30.0
176
     1
 62
     7
420
 16777215
176
     1
 90
        0
176
     1
 90
        4
176
     1
 62
     7
176
     1
 62
   257
176
     1
 90
        1
176
     1
 90
        1
176
     1
 40
1.0
176
     1
 90
        8
176
     1
 62
     7
176
     1
 40
1.0
176
     1
 90
        1
176
     1
 90
        6
176
     1
 90
        2
176
     1
 62
     7
176
     1
 90
        5
176
     1
 90
        0
176
     1
 90
        0
176
     1
290
     0
176
     1
 90
        1
176
     1
 40
0.0
176
     1
 90
        0
176
     1
290
     0
176
     1
290
     1
176
     1
290
     1
176
     1
290
     0
176
     1
290
     0
176
     1
290
     0
176
     1
290
     0
176
     1
290
     0
176
     1
290
     0
176
     1
 90
       50
176
     1
 40
0.0
176
     1
 40
1.0
176
     1
 90
        0
176
     1
 62
    18
420
        0
176
     1
 90
       50
176
     1
 90
        3
176
     1
 62
     5
420
      255
176
     1
290
     0
176
     1
 90
       50
176
     1
 90
       50
176
     1
 90
       50
176
     1
290
     0
176
     1
 90
       50
176
     1
 62
   256
176
     0
 40
1.0
176
     0
 90
        2
176
     1
  1
strokes_ogs.tif
176
     1
290
     0
176
     1
 40
1.0
176
     1
 40
1.0
176
     1
  0
VISUALSTYLE
  5
1C9
102
{ACAD_REACTORS
330
1BD
102
}
330
1BD
100
AcDbVisualStyle
  2
Brighten
 70
    12
177
     3
291
     1
 70
    58
 90
        2
176
     1
 90
        2
176
     1
 90
        0
176
     1
 90
        0
176
     1
 40
0.6
176
     1
 40
30.0
176
     1
 62
     7
420
 16777215
176
     1
 90
        1
176
     1
 90
        4
176
     1
 62
     7
176
     1
 62
   257
176
     1
 90
        1
176
     1
 90
        1
176
     1
 40
1.0
176
     1
 90
        8
176
     1
 62
     7
176
     1
 40
1.0
176
     1
 90
        1
176
     1
 90
        6
176
     1
 90
        2
176
     1
 62
     7
176
     1
 90
        5
176
     1
 90
        0
176
     1
 90
        0
176
     1
290
     0
176
     1
 90
        1
176
     1
 40
50.0
176
     1
 90
        0
176
     1
290
     0
176
     1
290
     1
176
     1
290
     1
176
     1
290
     0
176
     1
290
     0
176
     1
290
     0
176
     1
290
     0
176
     1
290
     0
176
     1
290
     0
176
     1
 90
       50
176
     1
 40
0.0
176
     1
 40
1.0
176
     1
 90
        0
176
     1
 62
    18
420
        0
176
     1
 90
       50
176
     1
 90
        3
176
     1
 62
     5
420
      255
176
     1
290
     0
176
     1
 90
       50
176
     1
 90
       50
176
     1
 90
       50
176
     1
290
     0
176
     1
 90
       50
176
     1
 62
   256
176
     0
 40
1.0
176
     0
 90
        2
176
     1
  1
strokes_ogs.tif
176
     1
290
     0
176
     1
 40
1.0
176
     1
 40
1.0
176
     1
  0
VISUALSTYLE
  5
1CD
102
{ACAD_REACTORS
330
1BD
102
}
330
1BD
100
AcDbVisualStyle
  2
ColorChange
 70
    16
177
     3
291
     1
 70
    58
 90
        2
176
     1
 90
        2
176
     1
 90
        3
176
     1
 90
        0
176
     1
 40
0.6
176
     1
 40
30.0
176
     1
 62
     8
420
  8421504
176
     1
 90
        1
176
     1
 90
        4
176
     1
 62
     7
176
     1
 62
   257
176
     1
 90
        1
176
     1
 90
        1
176
     1
 40
1.0
176
     1
 90
        8
176
     1
 62
     8
420
  8421504
176
     1
 40
1.0
176
     1
 90
        1
176
     1
 90
        6
176
     1
 90
        2
176
     1
 62
     7
176
     1
 90
        5
176
     1
 90
        0
176
     1
 90
        0
176
     1
290
     0
176
     1
 90
        1
176
     1
 40
0.0
176
     1
 90
        0
176
     1
290
     0
176
     1
290
     1
176
     1
290
     1
176
     1
290
     0
176
     1
290
     0
176
     1
290
     0
176
     1
290
     0
176
     1
290
     0
176
     1
290
     0
176
     1
 90
       50
176
     1
 40
0.0
176
     1
 40
1.0
176
     1
 90
        0
176
     1
 62
    18
420
        0
176
     1
 90
       50
176
     1
 90
        3
176
     1
 62
     5
420
      255
176
     1
290
     0
176
     1
 90
       50
176
     1
 90
       50
176
     1
 90
       50
176
     1
290
     0
176
     1
 90
       50
176
     1
 62
   256
176
     0
 40
1.0
176
     0
 90
        2
176
     1
  1
strokes_ogs.tif
176
     1
290
     0
176
     1
 40
1.0
176
     1
 40
1.0
176
     1
  0
VISUALSTYLE
  5
1C7
102
{ACAD_REACTORS
330
1BD
102
}
330
1BD
100
AcDbVisualStyle
  2
Conceptual
 70
     9
177
     3
291
     0
 70
    58
 90
        3
176
     1
 90
        2
176
     1
 90
        0
176
     1
 90
        0
176
     1
 40
0.6
176
     1
 40
30.0
176
     1
 62
     7
420
 16777215
176
     1
 90
        2
176
     1
 90
        2
176
     1
 62
     7
176
     1
 62
   257
176
     1
 90
        1
176
     1
 90
        1
176
     1
 40
179.0
176
     1
 90
        8
176
     1
 62
     7
176
     1
 40
1.0
176
     1
 90
        1
176
     1
 90
        6
176
     1
 90
        2
176
     1
 62
     7
176
     1
 90
        3
176
     1
 90
        0
176
     1
 90
        0
176
     1
290
     0
176
     1
 90
        1
176
     1
 40
0.0
176
     1
 90
        0
176
     1
290
     0
176
     1
290
     1
176
     1
290
     1
176
     1
290
     0
176
     1
290
     0
176
     1
290
     0
176
     1
290
     0
176
     1
290
     0
176
     1
290
     0
176
     1
 90
       50
176
     1
 40
0.0
176
     1
 40
1.0
176
     1
 90
        0
176
     1
 62
    18
420
        0
176
     1
 90
       50
176
     1
 90
        3
176
     1
 62
     5
420
      255
176
     1
290
     0
176
     1
 90
       50
176
     1
 90
       50
176
     1
 90
       50
176
     1
290
     0
176
     1
 90
       50
176
     1
 62
   256
176
     0
 40
1.0
176
     0
 90
        2
176
     1
  1
strokes_ogs.tif
176
     1
290
     0
176
     1
 40
1.0
176
     1
 40
1.0
176
     1
  0
VISUALSTYLE
  5
1C8
102
{ACAD_REACTORS
330
1BD
102
}
330
1BD
100
AcDbVisualStyle
  2
Dim
 70
    11
177
     3
291
     1
 70
    58
 90
        2
176
     1
 90
        2
176
     1
 90
        0
176
     1
 90
        0
176
     1
 40
0.6
176
     1
 40
30.0
176
     1
 62
     7
420
 16777215
176
     1
 90
        1
176
     1
 90
        4
176
     1
 62
     7
176
     1
 62
   257
176
     1
 90
        1
176
     1
 90
        1
176
     1
 40
1.0
176
     1
 90
        8
176
     1
 62
     7
176
     1
 40
1.0
176
     1
 90
        1
176
     1
 90
        6
176
     1
 90
        2
176
     1
 62
     7
176
     1
 90
        5
176
     1
 90
        0
176
     1
 90
        0
176
     1
290
     0
176
     1
 90
        1
176
     1
 40
-50.0
176
     1
 90
        0
176
     1
290
     0
176
     1
290
     1
176
     1
290
     1
176
     1
290
     0
176
     1
290
     0
176
     1
290
     0
176
     1
290
     0
176
     1
290
     0
176
     1
290
     0
176
     1
 90
       50
176
     1
 40
0.0
176
     1
 40
1.0
176
     1
 90
        0
176
     1
 62
    18
420
        0
176
     1
 90
       50
176
     1
 90
        3
176
     1
 62
     5
420
      255
176
     1
290
     0
176
     1
 90
       50
176
     1
 90
       50
176
     1
 90
       50
176
     1
290
     0
176
     1
 90
       50
176
     1
 62
   256
176
     0
 40
1.0
176
     0
 90
        2
176
     1
  1
strokes_ogs.tif
176
     1
290
     0
176
     1
 40
1.0
176
     1
 40
1.0
176
     1
  0
VISUALSTYLE
  5
1D0
102
{ACAD_REACTORS
330
1BD
102
}
330
1BD
100
AcDbVisualStyle
  2
EdgeColorOff
 70
    22
177
     3
291
     1
 70
    58
 90
        2
176
     0
 90
        2
176
     0
 90
        0
176
     0
 90
        0
176
     0
 40
0.6
176
     0
 40
30.0
176
     0
 62
     7
420
 16777215
176
     0
 90
        1
176
     0
 90
        4
176
     0
 62
     7
176
     0
 62
   257
176
     0
 90
        1
176
     0
 90
        1
176
     0
 40
1.0
176
     0
 90
        8
176
     2
 62
     7
176
     0
 40
1.0
176
     0
 90
        1
176
     0
 90
        6
176
     0
 90
        2
176
     0
 62
     7
176
     0
 90
        5
176
     0
 90
        0
176
     0
 90
        0
176
     0
290
     0
176
     0
 90
        1
176
     0
 40
0.0
176
     0
 90
        0
176
     0
290
     0
176
     0
290
     1
176
     0
290
     1
176
     0
290
     0
176
     0
290
     0
176
     0
290
     0
176
     0
290
     0
176
     0
290
     0
176
     0
290
     0
176
     0
 90
       50
176
     0
 40
0.0
176
     0
 40
1.0
176
     0
 90
        0
176
     0
 62
    18
420
        0
176
     0
 90
       50
176
     0
 90
        3
176
     0
 62
     5
420
      255
176
     0
290
     0
176
     0
 90
       50
176
     0
 90
       50
176
     0
 90
       50
176
     0
290
     0
176
     0
 90
       50
176
     0
 62
   256
176
     0
 40
1.0
176
     0
 90
        2
176
     0
  1
strokes_ogs.tif
176
     0
290
     0
176
     0
 40
1.0
176
     0
 40
1.0
176
     0
  0
VISUALSTYLE
  5
1CC
102
{ACAD_REACTORS
330
1BD
102
}
330
1BD
100
AcDbVisualStyle
  2
Facepattern
 70
    15
177
     3
291
     1
 70
    58
 90
        2
176
     1
 90
        2
176
     1
 90
        0
176
     1
 90
        0
176
     1
 40
0.6
176
     1
 40
30.0
176
     1
 62
     7
420
 16777215
176
     1
 90
        1
176
     1
 90
        4
176
     1
 62
     7
176
     1
 62
   257
176
     1
 90
        1
176
     1
 90
        1
176
     1
 40
1.0
176
     1
 90
        8
176
     1
 62
     7
176
     1
 40
1.0
176
     1
 90
        1
176
     1
 90
        6
176
     1
 90
        2
176
     1
 62
     7
176
     1
 90
        5
176
     1
 90
        0
176
     1
 90
        0
176
     1
290
     0
176
     1
 90
        1
176
     1
 40
0.0
176
     1
 90
        0
176
     1
290
     0
176
     1
290
     1
176
     1
290
     1
176
     1
290
     0
176
     1
290
     0
176
     1
290
     0
176
     1
290
     0
176
     1
290
     0
176
     1
290
     0
176
     1
 90
       50
176
     1
 40
0.0
176
     1
 40
1.0
176
     1
 90
        0
176
     1
 62
    18
420
        0
176
     1
 90
       50
176
     1
 90
        3
176
     1
 62
     5
420
      255
176
     1
290
     0
176
     1
 90
       50
176
     1
 90
       50
176
     1
 90
       50
176
     1
290
     0
176
     1
 90
       50
176
     1
 62
   256
176
     0
 40
1.0
176
     0
 90
        2
176
     1
  1
strokes_ogs.tif
176
     1
290
     0
176
     1
 40
1.0
176
     1
 40
1.0
176
     1
  0
VISUALSTYLE
  5
1BE
102
{ACAD_REACTORS
330
1BD
102
}
330
1BD
100
AcDbVisualStyle
  2
Flat
 70
     0
177
     3
291
     1
 70
    58
 90
        2
176
     1
 90
        1
176
     1
 90
        1
176
     1
 90
        2
176
     1
 40
0.6
176
     1
 40
30.0
176
     1
 62
     7
420
 16777215
176
     1
 90
        0
176
     1
 90
        0
176
     1
 62
     7
176
     1
 62
   257
176
     1
 90
        1
176
     1
 90
        1
176
     1
 40
1.0
176
     1
 90
        8
176
     1
 62
     7
176
     1
 40
1.0
176
     1
 90
        1
176
     1
 90
        6
176
     1
 90
        2
176
     1
 62
     7
176
     1
 90
        5
176
     1
 90
        0
176
     1
 90
        0
176
     1
290
     0
176
     1
 90
       13
176
     1
 40
0.0
176
     1
 90
        0
176
     1
290
     0
176
     1
290
     1
176
     1
290
     1
176
     1
290
     0
176
     1
290
     0
176
     1
290
     0
176
     1
290
     0
176
     1
290
     0
176
     1
290
     0
176
     1
 90
       50
176
     1
 40
0.0
176
     1
 40
1.0
176
     1
 90
        0
176
     1
 62
    18
420
        0
176
     1
 90
       50
176
     1
 90
        3
176
     1
 62
     5
420
      255
176
     1
290
     0
176
     1
 90
       50
176
     1
 90
       50
176
     1
 90
       50
176
     1
290
     0
176
     1
 90
       50
176
     1
 62
   256
176
     0
 40
1.0
176
     0
 90
        2
176
     1
  1
strokes_ogs.tif
176
     1
290
     0
176
     1
 40
1.0
176
     1
 40
1.0
176
     1
  0
VISUALSTYLE
  5
1BF
102
{ACAD_REACTORS
330
1BD
102
}
330
1BD
100
AcDbVisualStyle
  2
FlatWithEdges
 70
     1
177
     3
291
     1
 70
    58
 90
        2
176
     1
 90
        1
176
     1
 90
        1
176
     1
 90
        2
176
     1
 40
0.6
176
     1
 40
30.0
176
     1
 62
     7
420
 16777215
176
     1
 90
        1
176
     1
 90
        0
176
     1
 62
     7
176
     1
 62
   257
176
     1
 90
        1
176
     1
 90
        1
176
     1
 40
1.0
176
     1
 90
        0
176
     1
 62
   257
176
     1
 40
1.0
176
     1
 90
        1
176
     1
 90
        6
176
     1
 90
        2
176
     1
 62
     7
176
     1
 90
        5
176
     1
 90
        0
176
     1
 90
        0
176
     1
290
     0
176
     1
 90
       13
176
     1
 40
0.0
176
     1
 90
        0
176
     1
290
     0
176
     1
290
     1
176
     1
290
     1
176
     1
290
     0
176
     1
290
     0
176
     1
290
     0
176
     1
290
     0
176
     1
290
     0
176
     1
290
     0
176
     1
 90
       50
176
     1
 40
0.0
176
     1
 40
1.0
176
     1
 90
        0
176
     1
 62
    18
420
        0
176
     1
 90
       50
176
     1
 90
        3
176
     1
 62
     5
420
      255
176
     1
290
     0
176
     1
 90
       50
176
     1
 90
       50
176
     1
 90
       50
176
     1
290
     0
176
     1
 90
       50
176
     1
 62
   256
176
     0
 40
1.0
176
     0
 90
        2
176
     1
  1
strokes_ogs.tif
176
     1
290
     0
176
     1
 40
1.0
176
     1
 40
1.0
176
     1
  0
VISUALSTYLE
  5
1C0
102
{ACAD_REACTORS
330
1BD
102
}
330
1BD
100
AcDbVisualStyle
  2
Gouraud
 70
     2
177
     3
291
     1
 70
    58
 90
        2
176
     1
 90
        2
176
     1
 90
        1
176
     1
 90
        2
176
     1
 40
0.6
176
     1
 40
30.0
176
     1
 62
     7
420
 16777215
176
     1
 90
        0
176
     1
 90
        0
176
     1
 62
     7
176
     1
 62
   257
176
     1
 90
        1
176
     1
 90
        1
176
     1
 40
1.0
176
     1
 90
        0
176
     1
 62
     7
176
     1
 40
1.0
176
     1
 90
        1
176
     1
 90
        6
176
     1
 90
        2
176
     1
 62
     7
176
     1
 90
        5
176
     1
 90
        0
176
     1
 90
        0
176
     1
290
     0
176
     1
 90
       13
176
     1
 40
0.0
176
     1
 90
        0
176
     1
290
     0
176
     1
290
     1
176
     1
290
     1
176
     1
290
     0
176
     1
290
     0
176
     1
290
     0
176
     1
290
     0
176
     1
290
     0
176
     1
290
     0
176
     1
 90
       50
176
     1
 40
0.0
176
     1
 40
1.0
176
     1
 90
        0
176
     1
 62
    18
420
        0
176
     1
 90
       50
176
     1
 90
        3
176
     1
 62
     5
420
      255
176
     1
290
     0
176
     1
 90
       50
176
     1
 90
       50
176
     1
 90
       50
176
     1
290
     0
176
     1
 90
       50
176
     1
 62
   256
176
     0
 40
1.0
176
     0
 90
        2
176
     1
  1
strokes_ogs.tif
176
     1
290
     0
176
     1
 40
1.0
176
     1
 40
1.0
176
     1
  0
VISUALSTYLE
  5
1C1
102
{ACAD_REACTORS
330
1BD
102
}
330
1BD
100
AcDbVisualStyle
  2
GouraudWithEdges
 70
     3
177
     3
291
     1
 70
    58
 90
        2
176
     1
 90
        2
176
     1
 90
        1
176
     1
 90
        2
176
     1
 40
0.6
176
     1
 40
30.0
176
     1
 62
     7
420
 16777215
176
     1
 90
        1
176
     1
 90
        0
176
     1
 62
     7
176
     1
 62
   257
176
     1
 90
        1
176
     1
 90
        1
176
     1
 40
1.0
176
     1
 90
        0
176
     1
 62
   257
176
     1
 40
1.0
176
     1
 90
        1
176
     1
 90
        6
176
     1
 90
        2
176
     1
 62
     7
176
     1
 90
        5
176
     1
 90
        0
176
     1
 90
        0
176
     1
290
     0
176
     1
 90
       13
176
     1
 40
0.0
176
     1
 90
        0
176
     1
290
     0
176
     1
290
     1
176
     1
290
     1
176
     1
290
     0
176
     1
290
     0
176
     1
290
     0
176
     1
290
     0
176
     1
290
     0
176
     1
290
     0
176
     1
 90
       50
176
     1
 40
0.0
176
     1
 40
1.0
176
     1
 90
        0
176
     1
 62
    18
420
        0
176
     1
 90
       50
176
     1
 90
        3
176
     1
 62
     5
420
      255
176
     1
290
     0
176
     1
 90
       50
176
     1
 90
       50
176
     1
 90
       50
176
     1
290
     0
176
     1
 90
       50
176
     1
 62
   256
176
     0
 40
1.0
176
     0
 90
        2
176
     1
  1
strokes_ogs.tif
176
     1
290
     0
176
     1
 40
1.0
176
     1
 40
1.0
176
     1
  0
VISUALSTYLE
  5
1C4
102
{ACAD_REACTORS
330
1BD
102
}
330
1BD
100
AcDbVisualStyle
  2
Hidden
 70
     6
177
     3
291
     0
 70
    58
 90
        1
176
     1
 90
        2
176
     1
 90
        2
176
     1
 90
        0
176
     1
 40
0.6
176
     1
 40
30.0
176
     1
 62
     7
420
 16777215
176
     1
 90
        2
176
     1
 90
        2
176
     1
 62
     7
176
     1
 62
   257
176
     1
 90
        2
176
     1
 90
        1
176
     1
 40
40.0
176
     1
 90
        0
176
     1
 62
   257
176
     1
 40
1.0
176
     1
 90
        1
176
     1
 90
        6
176
     1
 90
        2
176
     1
 62
     7
176
     1
 90
        3
176
     1
 90
        0
176
     1
 90
        0
176
     1
290
     0
176
     1
 90
        1
176
     1
 40
0.0
176
     1
 90
        0
176
     1
290
     0
176
     1
290
     1
176
     1
290
     1
176
     1
290
     0
176
     1
290
     0
176
     1
290
     0
176
     1
290
     0
176
     1
290
     0
176
     1
290
     0
176
     1
 90
       50
176
     1
 40
0.0
176
     1
 40
1.0
176
     1
 90
        0
176
     1
 62
    18
420
        0
176
     1
 90
       50
176
     1
 90
        3
176
     1
 62
     5
420
      255
176
     1
290
     0
176
     1
 90
       50
176
     1
 90
       50
176
     1
 90
       50
176
     1
290
     0
176
     1
 90
       50
176
     1
 62
   256
176
     0
 40
1.0
176
     0
 90
        2
176
     1
  1
strokes_ogs.tif
176
     1
290
     0
176
     1
 40
1.0
176
     1
 40
1.0
176
     1
  0
VISUALSTYLE
  5
1CE
102
{ACAD_REACTORS
330
1BD
102
}
330
1BD
100
AcDbVisualStyle
  2
JitterOff
 70
    20
177
     3
291
     1
 70
    58
 90
        2
176
     0
 90
        2
176
     0
 90
        0
176
     0
 90
        0
176
     0
 40
0.6
176
     0
 40
30.0
176
     0
 62
     7
420
 16777215
176
     0
 90
        1
176
     0
 90
        4
176
     0
 62
     7
176
     0
 62
   257
176
     0
 90
        1
176
     0
 90
        1
176
     0
 40
1.0
176
     0
 90
       10
176
     2
 62
     7
176
     0
 40
1.0
176
     0
 90
        1
176
     0
 90
        6
176
     0
 90
        2
176
     0
 62
     7
176
     0
 90
        5
176
     0
 90
        0
176
     0
 90
        0
176
     0
290
     0
176
     0
 90
        1
176
     0
 40
0.0
176
     0
 90
        0
176
     0
290
     0
176
     0
290
     1
176
     0
290
     1
176
     0
290
     0
176
     0
290
     0
176
     0
290
     0
176
     0
290
     0
176
     0
290
     0
176
     0
290
     0
176
     0
 90
       50
176
     0
 40
0.0
176
     0
 40
1.0
176
     0
 90
        0
176
     0
 62
    18
420
        0
176
     0
 90
       50
176
     0
 90
        3
176
     0
 62
     5
420
      255
176
     0
290
     0
176
     0
 90
       50
176
     0
 90
       50
176
     0
 90
       50
176
     0
290
     0
176
     0
 90
       50
176
     0
 62
   256
176
     0
 40
1.0
176
     0
 90
        2
176
     0
  1
strokes_ogs.tif
176
     0
290
     0
176
     0
 40
1.0
176
     0
 40
1.0
176
     0
  0
VISUALSTYLE
  5
1CB
102
{ACAD_REACTORS
330
1BD
102
}
330
1BD
100
AcDbVisualStyle
  2
Linepattern
 70
    14
177
     3
291
     1
 70
    58
 90
        2
176
     1
 90
        2
176
     1
 90
        0
176
     1
 90
        0
176
     1
 40
0.6
176
     1
 40
30.0
176
     1
 62
     7
420
 16777215
176
     1
 90
        1
176
     1
 90
        4
176
     1
 62
     7
176
     1
 62
   257
176
     1
 90
        7
176
     1
 90
        7
176
     1
 40
1.0
176
     1
 90
        8
176
     1
 62
     7
176
     1
 40
1.0
176
     1
 90
        1
176
     1
 90
        6
176
     1
 90
        2
176
     1
 62
     7
176
     1
 90
        5
176
     1
 90
        0
176
     1
 90
        0
176
     1
290
     0
176
     1
 90
        1
176
     1
 40
0.0
176
     1
 90
        0
176
     1
290
     0
176
     1
290
     1
176
     1
290
     1
176
     1
290
     0
176
     1
290
     0
176
     1
290
     0
176
     1
290
     0
176
     1
290
     0
176
     1
290
     0
176
     1
 90
       50
176
     1
 40
0.0
176
     1
 40
1.0
176
     1
 90
        0
176
     1
 62
    18
420
        0
176
     1
 90
       50
176
     1
 90
        3
176
     1
 62
     5
420
      255
176
     1
290
     0
176
     1
 90
       50
176
     1
 90
       50
176
     1
 90
       50
176
     1
290
     0
176
     1
 90
       50
176
     1
 62
   256
176
     0
 40
1.0
176
     0
 90
        2
176
     1
  1
strokes_ogs.tif
176
     1
290
     0
176
     1
 40
1.0
176
     1
 40
1.0
176
     1
  0
VISUALSTYLE
  5
1CF
102
{ACAD_REACTORS
330
1BD
102
}
330
1BD
100
AcDbVisualStyle
  2
OverhangOff
 70
    21
177
     3
291
     1
 70
    58
 90
        2
176
     0
 90
        2
176
     0
 90
        0
176
     0
 90
        0
176
     0
 40
0.6
176
     0
 40
30.0
176
     0
 62
     7
420
 16777215
176
     0
 90
        1
176
     0
 90
        4
176
     0
 62
     7
176
     0
 62
   257
176
     0
 90
        1
176
     0
 90
        1
176
     0
 40
1.0
176
     0
 90
        9
176
     2
 62
     7
176
     0
 40
1.0
176
     0
 90
        1
176
     0
 90
        6
176
     0
 90
        2
176
     0
 62
     7
176
     0
 90
        5
176
     0
 90
        0
176
     0
 90
        0
176
     0
290
     0
176
     0
 90
        1
176
     0
 40
0.0
176
     0
 90
        0
176
     0
290
     0
176
     0
290
     1
176
     0
290
     1
176
     0
290
     0
176
     0
290
     0
176
     0
290
     0
176
     0
290
     0
176
     0
290
     0
176
     0
290
     0
176
     0
 90
       50
176
     0
 40
0.0
176
     0
 40
1.0
176
     0
 90
        0
176
     0
 62
    18
420
        0
176
     0
 90
       50
176
     0
 90
        3
176
     0
 62
     5
420
      255
176
     0
290
     0
176
     0
 90
       50
176
     0
 90
       50
176
     0
 90
       50
176
     0
290
     0
176
     0
 90
       50
176
     0
 62
   256
176
     0
 40
1.0
176
     0
 90
        2
176
     0
  1
strokes_ogs.tif
176
     0
290
     0
176
     0
 40
1.0
176
     0
 40
1.0
176
     0
  0
VISUALSTYLE
  5
1C6
102
{ACAD_REACTORS
330
1BD
102
}
330
1BD
100
AcDbVisualStyle
  2
Realistic
 70
     8
177
     3
291
     0
 70
    58
 90
        2
176
     1
 90
        3
176
     1
 90
        0
176
     1
 90
        2
176
     1
 40
0.6
176
     1
 40
30.0
176
     1
 62
     7
420
 16777215
176
     1
 90
        0
176
     1
 90
        0
176
     1
 62
     7
176
     1
 62
   257
176
     1
 90
        1
176
     1
 90
        1
176
     1
 40
1.0
176
     1
 90
        8
176
     1
 62
   257
176
     1
 40
1.0
176
     1
 90
        1
176
     1
 90
        6
176
     1
 90
        2
176
     1
 62
     7
176
     1
 90
        3
176
     1
 90
        0
176
     1
 90
        0
176
     1
290
     0
176
     1
 90
       13
176
     1
 40
0.0
176
     1
 90
        0
176
     1
290
     0
176
     1
290
     1
176
     1
290
     1
176
     1
290
     0
176
     1
290
     0
176
     1
290
     0
176
     1
290
     0
176
     1
290
     0
176
     1
290
     0
176
     1
 90
       50
176
     1
 40
0.0
176
     1
 40
1.0
176
     1
 90
        0
176
     1
 62
    18
420
        0
176
     1
 90
       50
176
     1
 90
        3
176
     1
 62
     5
420
      255
176
     1
290
     0
176
     1
 90
       50
176
     1
 90
       50
176
     1
 90
       50
176
     1
290
     0
176
     1
 90
       50
176
     1
 62
   256
176
     0
 40
1.0
176
     0
 90
        2
176
     1
  1
strokes_ogs.tif
176
     1
290
     0
176
     1
 40
1.0
176
     1
 40
1.0
176
     1
  0
VISUALSTYLE
  5
1D5
102
{ACAD_REACTORS
330
1BD
102
}
330
1BD
100
AcDbVisualStyle
  2
Shaded
 70
    27
177
     3
291
     0
 70
    58
 90
        2
176
     1
 90
        2
176
     1
 90
        1
176
     1
 90
        2
176
     1
 40
0.6
176
     1
 40
30.0
176
     1
 62
     7
420
 16777215
176
     1
 90
        0
176
     1
 90
        4
176
     1
 62
     7
176
     1
 62
   257
176
     1
 90
        1
176
     1
 90
        1
176
     1
 40
1.0
176
     1
 90
        8
176
     1
 62
   257
176
     1
 40
1.0
176
     1
 90
        1
176
     1
 90
        6
176
     1
 90
        2
176
     1
 62
     8
420
  7895160
176
     1
 90
        3
176
     1
 90
        0
176
     1
 90
        0
176
     1
290
     0
176
     1
 90
        5
176
     1
 40
0.0
176
     1
 90
        0
176
     1
290
     0
176
     1
290
     1
176
     1
290
     1
176
     1
290
     0
176
     1
290
     0
176
     1
290
     0
176
     1
290
     0
176
     1
290
     0
176
     1
290
     0
176
     1
 90
       50
176
     1
 40
0.0
176
     1
 40
1.0
176
     1
 90
        0
176
     1
 62
    18
420
        0
176
     1
 90
       50
176
     1
 90
        3
176
     1
 62
     5
420
      255
176
     1
290
     0
176
     1
 90
       50
176
     1
 90
       50
176
     1
 90
       50
176
     1
290
     0
176
     1
 90
       50
176
     1
 62
   256
176
     0
 40
1.0
176
     0
 90
        2
176
     1
  1
strokes_ogs.tif
176
     1
290
     0
176
     1
 40
1.0
176
     1
 40
1.0
176
     1
  0
VISUALSTYLE
  5
1D4
102
{ACAD_REACTORS
330
1BD
102
}
330
1BD
100
AcDbVisualStyle
  2
Shaded with edges
 70
    26
177
     3
291
     0
 70
    58
 90
        2
176
     1
 90
        2
176
     1
 90
        1
176
     1
 90
        2
176
     1
 40
0.6
176
     1
 40
30.0
176
     1
 62
     7
420
 16777215
176
     1
 90
        1
176
     1
 90
       10
176
     1
 62
     7
176
     1
 62
   257
176
     1
 90
        2
176
     1
 90
        1
176
     1
 40
1.0
176
     1
 90
        8
176
     1
 62
   257
176
     1
 40
1.0
176
     1
 90
        1
176
     1
 90
        6
176
     1
 90
        2
176
     1
 62
     7
176
     1
 90
        3
176
     1
 90
        0
176
     1
 90
        0
176
     1
290
     0
176
     1
 90
        5
176
     1
 40
0.0
176
     1
 90
        0
176
     1
290
     0
176
     1
290
     1
176
     1
290
     1
176
     1
290
     0
176
     1
290
     0
176
     1
290
     0
176
     1
290
     0
176
     1
290
     0
176
     1
290
     0
176
     1
 90
       50
176
     1
 40
0.0
176
     1
 40
1.0
176
     1
 90
        0
176
     1
 62
    18
420
        0
176
     1
 90
       50
176
     1
 90
        3
176
     1
 62
     5
420
      255
176
     1
290
     0
176
     1
 90
       50
176
     1
 90
       50
176
     1
 90
       50
176
     1
290
     0
176
     1
 90
       50
176
     1
 62
   256
176
     0
 40
1.0
176
     0
 90
        2
176
     1
  1
strokes_ogs.tif
176
     1
290
     0
176
     1
 40
1.0
176
     1
 40
1.0
176
     1
  0
VISUALSTYLE
  5
1D1
102
{ACAD_REACTORS
330
1BD
102
}
330
1BD
100
AcDbVisualStyle
  2
Shades of Gray
 70
    23
177
     3
291
     0
 70
    58
 90
        2
176
     1
 90
        2
176
     1
 90
        3
176
     1
 90
        0
176
     1
 40
0.6
176
     1
 40
30.0
176
     1
 62
     7
420
 16777215
176
     1
 90
        2
176
     1
 90
        2
176
     1
 62
     7
176
     1
 62
     7
176
     1
 90
        1
176
     1
 90
        1
176
     1
 40
40.0
176
     1
 90
        8
176
     1
 62
     7
176
     1
 40
1.0
176
     1
 90
        1
176
     1
 90
        6
176
     1
 90
        2
176
     1
 62
     7
176
     1
 90
        3
176
     1
 90
        0
176
     1
 90
        0
176
     1
290
     0
176
     1
 90
        1
176
     1
 40
0.0
176
     1
 90
        0
176
     1
290
     0
176
     1
290
     1
176
     1
290
     1
176
     1
290
     0
176
     1
290
     0
176
     1
290
     0
176
     1
290
     0
176
     1
290
     0
176
     1
290
     0
176
     1
 90
       50
176
     1
 40
0.0
176
     1
 40
1.0
176
     1
 90
        0
176
     1
 62
    18
420
        0
176
     1
 90
       50
176
     1
 90
        3
176
     1
 62
     5
420
      255
176
     1
290
     0
176
     1
 90
       50
176
     1
 90
       50
176
     1
 90
       50
176
     1
290
     0
176
     1
 90
       50
176
     1
 62
   256
176
     0
 40
1.0
176
     0
 90
        2
176
     1
  1
strokes_ogs.tif
176
     1
290
     0
176
     1
 40
1.0
176
     1
 40
1.0
176
     1
  0
VISUALSTYLE
  5
1D2
102
{ACAD_REACTORS
330
1BD
102
}
330
1BD
100
AcDbVisualStyle
  2
Sketchy
 70
    24
177
     3
291
     0
 70
    58
 90
        1
176
     1
 90
        2
176
     1
 90
        2
176
     1
 90
        0
176
     1
 40
0.6
176
     1
 40
30.0
176
     1
 62
     7
420
 16777215
176
     1
 90
        2
176
     1
 90
        2
176
     1
 62
     7
176
     1
 62
     7
176
     1
 90
        1
176
     1
 90
        1
176
     1
 40
40.0
176
     1
 90
       11
176
     1
 62
     7
176
     1
 40
1.0
176
     1
 90
        1
176
     1
 90
        6
176
     1
 90
        2
176
     1
 62
     7
176
     1
 90
        6
176
     1
 90
        0
176
     1
 90
        0
176
     1
290
     0
176
     1
 90
        1
176
     1
 40
0.0
176
     1
 90
        0
176
     1
290
     0
176
     1
290
     1
176
     1
290
     1
176
     1
290
     0
176
     1
290
     0
176
     1
290
     0
176
     1
290
     0
176
     1
290
     0
176
     1
290
     0
176
     1
 90
       50
176
     1
 40
0.0
176
     1
 40
1.0
176
     1
 90
        0
176
     1
 62
    18
420
        0
176
     1
 90
       50
176
     1
 90
        3
176
     1
 62
     5
420
      255
176
     1
290
     0
176
     1
 90
       50
176
     1
 90
       50
176
     1
 90
       50
176
     1
290
     0
176
     1
 90
       50
176
     1
 62
   256
176
     0
 40
1.0
176
     0
 90
        2
176
     1
  1
strokes_ogs.tif
176
     1
290
     0
176
     1
 40
1.0
176
     1
 40
1.0
176
     1
  0
VISUALSTYLE
  5
1CA
102
{ACAD_REACTORS
330
1BD
102
}
330
1BD
100
AcDbVisualStyle
  2
Thicken
 70
    13
177
     3
291
     1
 70
    58
 90
        2
176
     1
 90
        2
176
     1
 90
        0
176
     1
 90
        0
176
     1
 40
0.6
176
     1
 40
30.0
176
     1
 62
     7
420
 16777215
176
     1
 90
        1
176
     1
 90
        4
176
     1
 62
     7
176
     1
 62
   257
176
     1
 90
        1
176
     1
 90
        1
176
     1
 40
1.0
176
     1
 90
       12
176
     1
 62
     7
176
     1
 40
1.0
176
     1
 90
        1
176
     1
 90
        6
176
     1
 90
        2
176
     1
 62
     7
176
     1
 90
        5
176
     1
 90
        0
176
     1
 90
        0
176
     1
290
     0
176
     1
 90
        1
176
     1
 40
0.0
176
     1
 90
        0
176
     1
290
     0
176
     1
290
     1
176
     1
290
     1
176
     1
290
     0
176
     1
290
     0
176
     1
290
     0
176
     1
290
     0
176
     1
290
     0
176
     1
290
     0
176
     1
 90
       50
176
     1
 40
0.0
176
     1
 40
1.0
176
     1
 90
        0
176
     1
 62
    18
420
        0
176
     1
 90
       50
176
     1
 90
        3
176
     1
 62
     5
420
      255
176
     1
290
     0
176
     1
 90
       50
176
     1
 90
       50
176
     1
 90
       50
176
     1
290
     0
176
     1
 90
       50
176
     1
 62
   256
176
     0
 40
1.0
176
     0
 90
        2
176
     1
  1
strokes_ogs.tif
176
     1
290
     0
176
     1
 40
1.0
176
     1
 40
1.0
176
     1
  0
VISUALSTYLE
  5
1C3
102
{ACAD_REACTORS
330
1BD
102
}
330
1BD
100
AcDbVisualStyle
  2
Wireframe
 70
     5
177
     3
291
     0
 70
    58
 90
        0
176
     1
 90
        2
176
     1
 90
        0
176
     1
 90
        0
176
     1
 40
0.6
176
     1
 40
30.0
176
     1
 62
     7
420
 16777215
176
     1
 90
        1
176
     1
 90
        4
176
     1
 62
     7
176
     1
 62
   257
176
     1
 90
        1
176
     1
 90
        1
176
     1
 40
1.0
176
     1
 90
        0
176
     1
 62
   257
176
     1
 40
1.0
176
     1
 90
        1
176
     1
 90
        6
176
     1
 90
        2
176
     1
 62
     7
176
     1
 90
        3
176
     1
 90
        0
176
     1
 90
        0
176
     1
290
     0
176
     1
 90
        1
176
     1
 40
0.0
176
     1
 90
        0
176
     1
290
     0
176
     1
290
     1
176
     1
290
     1
176
     1
290
     0
176
     1
290
     0
176
     1
290
     0
176
     1
290
     0
176
     1
290
     0
176
     1
290
     0
176
     1
 90
       50
176
     1
 40
0.0
176
     1
 40
1.0
176
     1
 90
        0
176
     1
 62
    18
420
        0
176
     1
 90
       50
176
     1
 90
        3
176
     1
 62
     5
420
      255
176
     1
290
     0
176
     1
 90
       50
176
     1
 90
       50
176
     1
 90
       50
176
     1
290
     0
176
     1
 90
       50
176
     1
 62
   256
176
     0
 40
1.0
176
     0
 90
        2
176
     1
  1
strokes_ogs.tif
176
     1
290
     0
176
     1
 40
1.0
176
     1
 40
1.0
176
     1
  0
VISUALSTYLE
  5
1D3
102
{ACAD_REACTORS
330
1BD
102
}
330
1BD
100
AcDbVisualStyle
  2
X-Ray
 70
    25
177
     3
291
     0
 70
    58
 90
        2
176
     1
 90
        2
176
     1
 90
        1
176
     1
 90
        1
176
     1
 40
0.5
176
     1
 40
30.0
176
     1
 62
     7
420
 16777215
176
     1
 90
        1
176
     1
 90
        0
176
     1
 62
     7
176
     1
 62
   257
176
     1
 90
        1
176
     1
 90
        1
176
     1
 40
1.0
176
     1
 90
        8
176
     1
 62
     7
176
     1
 40
1.0
176
     1
 90
        1
176
     1
 90
        6
176
     1
 90
        2
176
     1
 62
     7
176
     1
 90
        3
176
     1
 90
        0
176
     1
 90
        0
176
     1
290
     0
176
     1
 90
       13
176
     1
 40
0.0
176
     1
 90
        0
176
     1
290
     0
176
     1
290
     1
176
     1
290
     1
176
     1
290
     0
176
     1
290
     0
176
     1
290
     0
176
     1
290
     0
176
     1
290
     0
176
     1
290
     0
176
     1
 90
       50
176
     1
 40
0.0
176
     1
 40
1.0
176
     1
 90
        0
176
     1
 62
    18
420
        0
176
     1
 90
       50
176
     1
 90
        3
176
     1
 62
     5
420
      255
176
     1
290
     0
176
     1
 90
       50
176
     1
 90
       50
176
     1
 90
       50
176
     1
290
     0
176
     1
 90
       50
176
     1
 62
   256
176
     0
 40
1.0
176
     0
 90
        2
176
     1
  1
strokes_ogs.tif
176
     1
290
     0
176
     1
 40
1.0
176
     1
 40
1.0
176
     1
  0
DICTIONARYVAR
  5
263
102
{ACAD_REACTORS
330
262
102
}
330
262
100
DictionaryVariables
280
     0
  1
1:1
  0
DICTIONARYVAR
  5
268
102
{ACAD_REACTORS
330
262
102
}
330
262
100
DictionaryVariables
280
     0
  1
Standard
  0
DICTIONARYVAR
  5
267
102
{ACAD_REACTORS
330
262
102
}
330
262
100
DictionaryVariables
280
     0
  1
Standard
  0
XRECORD
  5
1F4
102
{ACAD_REACTORS
330
1F2
102
}
330
1F2
100
AcDbXrecord
280
     1
1000
#ffffff
  0
XRECORD
  5
1F5
102
{ACAD_REACTORS
330
1F2
102
}
330
1F2
100
AcDbXrecord
280
     1
1000
FullColor
  0
XRECORD
  5
1F6
102
{ACAD_REACTORS
330
1F2
102
}
330
1F2
100
AcDbXrecord
280
     1
290
     1
  0
XRECORD
  5
1F7
102
{ACAD_REACTORS
330
1F2
102
}
330
1F2
100
AcDbXrecord
280
     1
290
     1
  0
XRECORD
  5
1F8
102
{ACAD_REACTORS
330
1F2
102
}
330
1F2
100
AcDbXrecord
280
     1
290
     1
  0
XRECORD
  5
1F9
102
{ACAD_REACTORS
330
1F2
102
}
330
1F2
100
AcDbXrecord
280
     1
290
     1
  0
XRECORD
  5
1FA
102
{ACAD_REACTORS
330
1F2
102
}
330
1F2
100
AcDbXrecord
280
     1
1000
auto
  0
XRECORD
  5
1FB
102
{ACAD_REACTORS
330
1F2
102
}
330
1F2
100
AcDbXrecord
280
     1
1000
auto
  0
XRECORD
  5
1FC
102
{ACAD_REACTORS
330
1F2
102
}
330
1F2
100
AcDbXrecord
280
     1
1000
auto
  0
XRECORD
  5
1FD
102
{ACAD_REACTORS
330
1F2
102
}
330
1F2
100
AcDbXrecord
280
     1
1000
auto
  0
XRECORD
  5
1FE
102
{ACAD_REACTORS
330
1F2
102
}
330
1F2
100
AcDbXrecord
280
     1
1000
auto
  0
XRECORD
  5
1FF
102
{ACAD_REACTORS
330
1F2
102
}
330
1F2
100
AcDbXrecord
280
     1
1000
auto
  0
XRECORD
  5
200
102
{ACAD_REACTORS
330
1F2
102
}
330
1F2
100
AcDbXrecord
280
     1
1000
auto
  0
XRECORD
  5
201
102
{ACAD_REACTORS
330
1F2
102
}
330
1F2
100
AcDbXrecord
280
     1
1000
auto
  0
XRECORD
  5
202
102
{ACAD_REACTORS
330
1F2
102
}
330
1F2
100
AcDbXrecord
280
     1
290
     0
  0
XRECORD
  5
203
102
{ACAD_REACTORS
330
1F2
102
}
330
1F2
100
AcDbXrecord
280
     1
290
     0
  0
XRECORD
  5
204
102
{ACAD_REACTORS
330
1F2
102
}
330
1F2
100
AcDbXrecord
280
     1
290
     0
  0
XRECORD
  5
205
102
{ACAD_REACTORS
330
1F2
102
}
330
1F2
100
AcDbXrecord
280
     1
290
     0
  0
XRECORD
  5
206
102
{ACAD_REACTORS
330
1F2
102
}
330
1F2
100
AcDbXrecord
280
     1
 90
    65537
  0
XRECORD
  5
207
102
{ACAD_REACTORS
330
1F2
102
}
330
1F2
100
AcDbXrecord
280
     1
 90
    65537
  0
XRECORD
  5
208
102
{ACAD_REACTORS
330
1F2
102
}
330
1F2
100
AcDbXrecord
280
     1
 90
    65537
  0
XRECORD
  5
209
102
{ACAD_REACTORS
330
1F2
102
}
330
1F2
100
AcDbXrecord
280
     1
 90
    65537
  0
XRECORD
  5
20A
102
{ACAD_REACTORS
330
1F2
102
}
330
1F2
100
AcDbXrecord
280
     1
1000
auto
  0
XRECORD
  5
20B
102
{ACAD_REACTORS
330
1F2
102
}
330
1F2
100
AcDbXrecord
280
     1
1000
auto
  0
XRECORD
  5
20C
102
{ACAD_REACTORS
330
1F2
102
}
330
1F2
100
AcDbXrecord
280
     1
1000
auto
  0
XRECORD
  5
20D
102
{ACAD_REACTORS
330
1F2
102
}
330
1F2
100
AcDbXrecord
280
     1
1000
auto
  0
XRECORD
  5
20E
102
{ACAD_REACTORS
330
1F2
102
}
330
1F2
100
AcDbXrecord
280
     1
1000
auto
  0
XRECORD
  5
20F
102
{ACAD_REACTORS
330
1F2
102
}
330
1F2
100
AcDbXrecord
280
     1
1000
auto
  0
XRECORD
  5
210
102
{ACAD_REACTORS
330
1F2
102
}
330
1F2
100
AcDbXrecord
280
     1
1000
auto
  0
XRECORD
  5
211
102
{ACAD_REACTORS
330
1F2
102
}
330
1F2
100
AcDbXrecord
280
     1
1000
auto
  0
XRECORD
  5
212
102
{ACAD_REACTORS
330
1F2
102
}
330
1F2
100
AcDbXrecord
280
     1
 90
        1
  0
XRECORD
  5
213
102
{ACAD_REACTORS
330
1F2
102
}
330
1F2
100
AcDbXrecord
280
     1
 40
10.0
  0
XRECORD
  5
214
102
{ACAD_REACTORS
330
1F2
102
}
330
1F2
100
AcDbXrecord
280
     1
 40
10.0
  0
XRECORD
  5
215
102
{ACAD_REACTORS
330
1F2
102
}
330
1F2
100
AcDbXrecord
280
     1
 40
10.0
  0
XRECORD
  5
216
102
{ACAD_REACTORS
330
1F2
102
}
330
1F2
100
AcDbXrecord
280
     1
 40
10.0
  0
XRECORD
  5
217
102
{ACAD_REACTORS
330
1F2
102
}
330
1F2
100
AcDbXrecord
280
     1
290
     0
  0
XRECORD
  5
218
102
{ACAD_REACTORS
330
1F2
102
}
330
1F2
100
AcDbXrecord
280
     1
 90
        1
  0
XRECORD
  5
219
102
{ACAD_REACTORS
330
1F2
102
}
330
1F2
100
AcDbXrecord
280
     1
 40
0.0
  0
XRECORD
  5
21A
102
{ACAD_REACTORS
330
1F2
102
}
330
1F2
100
AcDbXrecord
280
     1
 40
0.0
  0
XRECORD
  5
21B
102
{ACAD_REACTORS
330
1F2
102
}
330
1F2
100
AcDbXrecord
280
     1
1000
Portrait
  0
XRECORD
  5
21C
102
{ACAD_REACTORS
330
1F2
102
}
330
1F2
100
AcDbXrecord
280
     1
 40
297.0
  0
XRECORD
  5
21D
102
{ACAD_REACTORS
330
1F2
102
}
330
1F2
100
AcDbXrecord
280
     1
 40
210.0
  0
XRECORD
  5
21E
102
{ACAD_REACTORS
330
1F2
102
}
330
1F2
100
AcDbXrecord
280
     1
1000
1:1
  0
XRECORD
  5
21F
102
{ACAD_REACTORS
330
1F2
102
}
330
1F2
100
AcDbXrecord
280
     1
290
     1
  0
XRECORD
  5
220
102
{ACAD_REACTORS
330
1F2
102
}
330
1F2
100
AcDbXrecord
280
     1
290
     0
  0
XRECORD
  5
221
102
{ACAD_REACTORS
330
1F2
102
}
330
1F2
100
AcDbXrecord
280
     1
1000
Inside
  0
XRECORD
  5
222
102
{ACAD_REACTORS
330
1F2
102
}
330
1F2
100
AcDbXrecord
280
     1
1000
Arial,10,-1,5,50,0,0,0,0,0
  0
XRECORD
  5
223
102
{ACAD_REACTORS
330
1F2
102
}
330
1F2
100
AcDbXrecord
280
     1
1000
TopLeft
  0
XRECORD
  5
224
102
{ACAD_REACTORS
330
1F2
102
}
330
1F2
100
AcDbXrecord
280
     1
1000
3.32.2
  0
XRECORD
  5
225
102
{ACAD_REACTORS
330
1F2
102
}
330
1F2
100
AcDbXrecord
280
     1
 90
        4
  0
XRECORD
  5
226
102
{ACAD_REACTORS
330
1F2
102
}
330
1F2
100
AcDbXrecord
280
     1
  0
XRECORD
  5
227
102
{ACAD_REACTORS
330
1F2
102
}
330
1F2
100
AcDbXrecord
280
     1
 40
116.8704747442236
  0
XRECORD
  5
228
102
{ACAD_REACTORS
330
1F2
102
}
330
1F2
100
AcDbXrecord
280
     1
 40
259.6354416769754
  0
DICTIONARY
  5
264
330
1ED
100
AcDbDictionary
280
     1
281
     1
  3
ACAD_ROUNDTRIP_2008_TABLESTYLE_CELLSTYLEMAP
360
265
  0
CELLSTYLEMAP
  5
265
102
{ACAD_REACTORS
330
264
102
}
330
264
100
AcDbCellStyleMap
 90
        3
300
CELLSTYLE
  1
TABLEFORMAT_BEGIN
 90
        5
170
     1
 91
        0
 92
    32768
 62
   257
 93
        1
300
CONTENTFORMAT
  1
CONTENTFORMAT_BEGIN
 90
        0
 91
        0
 92
        4
 93
        0
300

 40
0.0
140
1.0
 94
        5
 62
     0
340
1A5
144
0.25
309
CONTENTFORMAT_END
171
     1
301
MARGIN
  1
CELLMARGIN_BEGIN
 40
0.06
 40
0.06
 40
0.06
 40
0.06
 40
0.06
 40
0.06
309
CELLMARGIN_END
 94
        6
 95
        1
302
GRIDFORMAT
  1
GRIDFORMAT_BEGIN
 90
        0
 91
        1
 62
     0
 92
       -2
340
1A7
 93
        0
 40
0.045
309
GRIDFORMAT_END
 95
        2
302
GRIDFORMAT
  1
GRIDFORMAT_BEGIN
 90
        0
 91
        1
 62
     0
 92
       -2
340
1A7
 93
        0
 40
0.045
309
GRIDFORMAT_END
 95
        4
302
GRIDFORMAT
  1
GRIDFORMAT_BEGIN
 90
        0
 91
        1
 62
     0
 92
       -2
340
1A7
 93
        0
 40
0.045
309
GRIDFORMAT_END
 95
        8
302
GRIDFORMAT
  1
GRIDFORMAT_BEGIN
 90
        0
 91
        1
 62
     0
 92
       -2
340
1A7
 93
        0
 40
0.045
309
GRIDFORMAT_END
 95
       16
302
GRIDFORMAT
  1
GRIDFORMAT_BEGIN
 90
        0
 91
        1
 62
     0
 92
       -2
340
1A7
 93
        0
 40
0.045
309
GRIDFORMAT_END
 95
       32
302
GRIDFORMAT
  1
GRIDFORMAT_BEGIN
 90
        0
 91
        1
 62
     0
 92
       -2
340
1A7
 93
        0
 40
0.045
309
GRIDFORMAT_END
309
TABLEFORMAT_END
  1
CELLSTYLE_BEGIN
 90
        1
 91
        1
300
_TITLE
309
CELLSTYLE_END
300
CELLSTYLE
  1
TABLEFORMAT_BEGIN
 90
        5
170
     1
 91
        0
 92
        0
 62
   257
 93
        1
300
CONTENTFORMAT
  1
CONTENTFORMAT_BEGIN
 90
        0
 91
        0
 92
        4
 93
        0
300

 40
0.0
140
1.0
 94
        5
 62
     0
340
1A5
144
0.18
309
CONTENTFORMAT_END
171
     1
301
MARGIN
  1
CELLMARGIN_BEGIN
 40
0.06
 40
0.06
 40
0.06
 40
0.06
 40
0.06
 40
0.06
309
CELLMARGIN_END
 94
        6
 95
        1
302
GRIDFORMAT
  1
GRIDFORMAT_BEGIN
 90
        0
 91
        1
 62
     0
 92
       -2
340
1A7
 93
        0
 40
0.045
309
GRIDFORMAT_END
 95
        2
302
GRIDFORMAT
  1
GRIDFORMAT_BEGIN
 90
        0
 91
        1
 62
     0
 92
       -2
340
1A7
 93
        0
 40
0.045
309
GRIDFORMAT_END
 95
        4
302
GRIDFORMAT
  1
GRIDFORMAT_BEGIN
 90
        0
 91
        1
 62
     0
 92
       -2
340
1A7
 93
        0
 40
0.045
309
GRIDFORMAT_END
 95
        8
302
GRIDFORMAT
  1
GRIDFORMAT_BEGIN
 90
        0
 91
        1
 62
     0
 92
       -2
340
1A7
 93
        0
 40
0.045
309
GRIDFORMAT_END
 95
       16
302
GRIDFORMAT
  1
GRIDFORMAT_BEGIN
 90
        0
 91
        1
 62
     0
 92
       -2
340
1A7
 93
        0
 40
0.045
309
GRIDFORMAT_END
 95
       32
302
GRIDFORMAT
  1
GRIDFORMAT_BEGIN
 90
        0
 91
        1
 62
     0
 92
       -2
340
1A7
 93
        0
 40
0.045
309
GRIDFORMAT_END
309
TABLEFORMAT_END
  1
CELLSTYLE_BEGIN
 90
        2
 91
        1
300
_HEADER
309
CELLSTYLE_END
300
CELLSTYLE
  1
TABLEFORMAT_BEGIN
 90
        5
170
     1
 91
        0
 92
        0
 62
   257
 93
        1
300
CONTENTFORMAT
  1
CONTENTFORMAT_BEGIN
 90
        0
 91
        0
 92
        4
 93
        0
300

 40
0.0
140
1.0
 94
        2
 62
     0
340
1A5
144
0.18
309
CONTENTFORMAT_END
171
     1
301
MARGIN
  1
CELLMARGIN_BEGIN
 40
0.06
 40
0.06
 40
0.06
 40
0.06
 40
0.06
 40
0.06
309
CELLMARGIN_END
 94
        6
 95
        1
302
GRIDFORMAT
  1
GRIDFORMAT_BEGIN
 90
        0
 91
        1
 62
     0
 92
       -2
340
1A7
 93
        0
 40
0.045
309
GRIDFORMAT_END
 95
        2
302
GRIDFORMAT
  1
GRIDFORMAT_BEGIN
 90
        0
 91
        1
 62
     0
 92
       -2
340
1A7
 93
        0
 40
0.045
309
GRIDFORMAT_END
 95
        4
302
GRIDFORMAT
  1
GRIDFORMAT_BEGIN
 90
        0
 91
        1
 62
     0
 92
       -2
340
1A7
 93
        0
 40
0.045
309
GRIDFORMAT_END
 95
        8
302
GRIDFORMAT
  1
GRIDFORMAT_BEGIN
 90
        0
 91
        1
 62
     0
 92
       -2
340
1A7
 93
        0
 40
0.045
309
GRIDFORMAT_END
 95
       16
302
GRIDFORMAT
  1
GRIDFORMAT_BEGIN
 90
        0
 91
        1
 62
     0
 92
       -2
340
1A7
 93
        0
 40
0.045
309
GRIDFORMAT_END
 95
       32
302
GRIDFORMAT
  1
GRIDFORMAT_BEGIN
 90
        0
 91
        1
 62
     0
 92
       -2
340
1A7
 93
        0
 40
0.045
309
GRIDFORMAT_END
309
TABLEFORMAT_END
  1
CELLSTYLE_BEGIN
 90
        3
 91
        2
300
_DATA
309
CELLSTYLE_END
  0
ENDSEC
  0
EOF
