  0
SECTION
  2
HEADER
  9
$ACADVER
  1
AC1027
  9
$ACADMAINTVER
 70
   105
  9
$DWGCODEPAGE
  3
ANSI_1252
  9
$LASTSAVEDBY
  1
Erdrick
  9
$REQUIREDVERSIONS
160
                 0
  9
$INSBASE
 10
0.0
 20
0.0
 30
0.0
  9
$EXTMIN
 10
-16.99994690716267
 20
-16.66998863220215
 30
2.500000176951289
  9
$EXTMAX
 10
16.99994690716267
 20
16.66998863220215
 30
2.500000176951289
  9
$LIMMIN
 10
0.0
 20
0.0
  9
$LIMMAX
 10
12.0
 20
9.0
  9
$ORTHOMODE
 70
     0
  9
$REGENMODE
 70
     1
  9
$FILLMODE
 70
     1
  9
$QTEXTMODE
 70
     0
  9
$MIRRTEXT
 70
     1
  9
$LTSCALE
 40
1.0
  9
$ATTMODE
 70
     1
  9
$TEXTSIZE
 40
1.0
  9
$TRACEWID
 40
0.05
  9
$TEXTSTYLE
  7
Standard
  9
$CLAYER
  8
0
  9
$CELTYPE
  6
ByLayer
  9
$CECOLOR
 62
   256
  9
$CELTSCALE
 40
1.0
  9
$DISPSILH
 70
     0
  9
$DIMSCALE
 40
1.0
  9
$DIMASZ
 40
0.18
  9
$DIMEXO
 40
0.0625
  9
$DIMDLI
 40
0.38
  9
$DIMRND
 40
0.0
  9
$DIMDLE
 40
0.0
  9
$DIMEXE
 40
0.18
  9
$DIMTP
 40
0.0
  9
$DIMTM
 40
0.0
  9
$DIMTXT
 40
0.18
  9
$DIMCEN
 40
0.09
  9
$DIMTSZ
 40
0.0
  9
$DIMTOL
 70
     0
  9
$DIMLIM
 70
     0
  9
$DIMTIH
 70
     1
  9
$DIMTOH
 70
     1
  9
$DIMSE1
 70
     0
  9
$DIMSE2
 70
     0
  9
$DIMTAD
 70
     0
  9
$DIMZIN
 70
     0
  9
$DIMBLK
  1

  9
$DIMASO
 70
     1
  9
$DIMSHO
 70
     1
  9
$DIMPOST
  1

  9
$DIMAPOST
  1

  9
$DIMALT
 70
     0
  9
$DIMALTD
 70
     2
  9
$DIMALTF
 40
25.4
  9
$DIMLFAC
 40
1.0
  9
$DIMTOFL
 70
     0
  9
$DIMTVP
 40
0.0
  9
$DIMTIX
 70
     0
  9
$DIMSOXD
 70
     0
  9
$DIMSAH
 70
     0
  9
$DIMBLK1
  1

  9
$DIMBLK2
  1

  9
$DIMSTYLE
  2
Standard
  9
$DIMCLRD
 70
     0
  9
$DIMCLRE
 70
     0
  9
$DIMCLRT
 70
     0
  9
$DIMTFAC
 40
1.0
  9
$DIMGAP
 40
0.09
  9
$DIMJUST
 70
     0
  9
$DIMSD1
 70
     0
  9
$DIMSD2
 70
     0
  9
$DIMTOLJ
 70
     1
  9
$DIMTZIN
 70
     0
  9
$DIMALTZ
 70
     0
  9
$DIMALTTZ
 70
     0
  9
$DIMUPT
 70
     0
  9
$DIMDEC
 70
     4
  9
$DIMTDEC
 70
     4
  9
$DIMALTU
 70
     2
  9
$DIMALTTD
 70
     2
  9
$DIMTXSTY
  7
Standard
  9
$DIMAUNIT
 70
     0
  9
$DIMADEC
 70
     0
  9
$DIMALTRND
 40
0.0
  9
$DIMAZIN
 70
     0
  9
$DIMDSEP
 70
    46
  9
$DIMATFIT
 70
     3
  9
$DIMFRAC
 70
     0
  9
$DIMLDRBLK
  1

  9
$DIMLUNIT
 70
     2
  9
$DIMLWD
 70
    -2
  9
$DIMLWE
 70
    -2
  9
$DIMTMOVE
 70
     0
  9
$DIMFXL
 40
1.0
  9
$DIMFXLON
 70
     0
  9
$DIMJOGANG
 40
0.7853981633974483
  9
$DIMTFILL
 70
     0
  9
$DIMTFILLCLR
 70
     0
  9
$DIMARCSYM
 70
     0
  9
$DIMLTYPE
  6

  9
$DIMLTEX1
  6

  9
$DIMLTEX2
  6

  9
$DIMTXTDIRECTION
 70
     0
  9
$LUNITS
 70
     2
  9
$LUPREC
 70
     4
  9
$SKETCHINC
 40
0.1
  9
$FILLETRAD
 40
0.0
  9
$AUNITS
 70
     0
  9
$AUPREC
 70
     0
  9
$MENU
  1
.
  9
$ELEVATION
 40
0.0
  9
$PELEVATION
 40
0.0
  9
$THICKNESS
 40
0.0
  9
$LIMCHECK
 70
     0
  9
$CHAMFERA
 40
0.0
  9
$CHAMFERB
 40
0.0
  9
$CHAMFERC
 40
0.0
  9
$CHAMFERD
 40
0.0
  9
$SKPOLY
 70
     0
  9
$TDCREATE
 40
2460807.983625243
  9
$TDUCREATE
 40
2460807.90029191
  9
$TDUPDATE
 40
2460807.983625787
  9
$TDUUPDATE
 40
2460807.900292454
  9
$TDINDWG
 40
0.0000000116
  9
$TDUSRTIMER
 40
0.0000000116
  9
$USRTIMER
 70
     1
  9
$ANGBASE
 50
0.0
  9
$ANGDIR
 70
     0
  9
$PDMODE
 70
     0
  9
$PDSIZE
 40
0.0
  9
$PLINEWID
 40
0.0
  9
$SPLFRAME
 70
     0
  9
$SPLINETYPE
 70
     6
  9
$SPLINESEGS
 70
     8
  9
$HANDSEED
  5
1BD
  9
$SURFTAB1
 70
     6
  9
$SURFTAB2
 70
     6
  9
$SURFTYPE
 70
     6
  9
$SURFU
 70
     6
  9
$SURFV
 70
     6
  9
$UCSBASE
  2

  9
$UCSNAME
  2

  9
$UCSORG
 10
0.0
 20
0.0
 30
0.0
  9
$UCSXDIR
 10
1.0
 20
0.0
 30
0.0
  9
$UCSYDIR
 10
0.0
 20
1.0
 30
0.0
  9
$UCSORTHOREF
  2

  9
$UCSORTHOVIEW
 70
     0
  9
$UCSORGTOP
 10
0.0
 20
0.0
 30
0.0
  9
$UCSORGBOTTOM
 10
0.0
 20
0.0
 30
0.0
  9
$UCSORGLEFT
 10
0.0
 20
0.0
 30
0.0
  9
$UCSORGRIGHT
 10
0.0
 20
0.0
 30
0.0
  9
$UCSORGFRONT
 10
0.0
 20
0.0
 30
0.0
  9
$UCSORGBACK
 10
0.0
 20
0.0
 30
0.0
  9
$PUCSBASE
  2

  9
$PUCSNAME
  2

  9
$PUCSORG
 10
0.0
 20
0.0
 30
0.0
  9
$PUCSXDIR
 10
1.0
 20
0.0
 30
0.0
  9
$PUCSYDIR
 10
0.0
 20
1.0
 30
0.0
  9
$PUCSORTHOREF
  2

  9
$PUCSORTHOVIEW
 70
     0
  9
$PUCSORGTOP
 10
0.0
 20
0.0
 30
0.0
  9
$PUCSORGBOTTOM
 10
0.0
 20
0.0
 30
0.0
  9
$PUCSORGLEFT
 10
0.0
 20
0.0
 30
0.0
  9
$PUCSORGRIGHT
 10
0.0
 20
0.0
 30
0.0
  9
$PUCSORGFRONT
 10
0.0
 20
0.0
 30
0.0
  9
$PUCSORGBACK
 10
0.0
 20
0.0
 30
0.0
  9
$USERI1
 70
     0
  9
$USERI2
 70
     0
  9
$USERI3
 70
     0
  9
$USERI4
 70
     0
  9
$USERI5
 70
     0
  9
$USERR1
 40
0.0
  9
$USERR2
 40
0.0
  9
$USERR3
 40
0.0
  9
$USERR4
 40
0.0
  9
$USERR5
 40
0.0
  9
$WORLDVIEW
 70
     1
  9
$SHADEDGE
 70
     3
  9
$SHADEDIF
 70
    70
  9
$TILEMODE
 70
     1
  9
$MAXACTVP
 70
    64
  9
$PINSBASE
 10
0.0
 20
0.0
 30
0.0
  9
$PLIMCHECK
 70
     0
  9
$PEXTMIN
 10
1.000000000000000E+20
 20
1.000000000000000E+20
 30
1.000000000000000E+20
  9
$PEXTMAX
 10
-1.000000000000000E+20
 20
-1.000000000000000E+20
 30
-1.000000000000000E+20
  9
$PLIMMIN
 10
-0.25
 20
-0.25
  9
$PLIMMAX
 10
10.75
 20
8.25
  9
$UNITMODE
 70
     0
  9
$VISRETAIN
 70
     1
  9
$PLINEGEN
 70
     0
  9
$PSLTSCALE
 70
     1
  9
$TREEDEPTH
 70
  3020
  9
$CMLSTYLE
  2
Standard
  9
$CMLJUST
 70
     0
  9
$CMLSCALE
 40
1.0
  9
$PROXYGRAPHICS
 70
     1
  9
$MEASUREMENT
 70
     0
  9
$CELWEIGHT
370
    -1
  9
$ENDCAPS
280
     0
  9
$JOINSTYLE
280
     0
  9
$LWDISPLAY
290
     0
  9
$INSUNITS
 70
     0
  9
$HYPERLINKBASE
  1

  9
$STYLESHEET
  1

  9
$XEDIT
290
     1
  9
$CEPSNTYPE
380
     0
  9
$PSTYLEMODE
290
     1
  9
$FINGERPRINTGUID
  2
{44f54ffd-2bd1-4c98-9e72-639e1ffcd51d}
  9
$VERSIONGUID
  2
{FAEB1C32-E019-11D5-929B-00C0DF256EC4}
  9
$EXTNAMES
290
     1
  9
$PSVPSCALE
 40
0.0
  9
$OLESTARTUP
290
     0
  9
$SORTENTS
280
   127
  9
$INDEXCTL
280
     0
  9
$HIDETEXT
280
     1
  9
$XCLIPFRAME
280
     2
  9
$HALOGAP
280
     0
  9
$OBSCOLOR
 70
   257
  9
$OBSLTYPE
280
     0
  9
$INTERSECTIONDISPLAY
280
     0
  9
$INTERSECTIONCOLOR
 70
   257
  9
$DIMASSOC
280
     2
  9
$PROJECTNAME
  1

  9
$CAMERADISPLAY
290
     0
  9
$LENSLENGTH
 40
50.0
  9
$CAMERAHEIGHT
 40
0.0
  9
$STEPSPERSEC
 40
2.0
  9
$STEPSIZE
 40
6.0
  9
$3DDWFPREC
 40
2.0
  9
$PSOLWIDTH
 40
0.25
  9
$PSOLHEIGHT
 40
4.0
  9
$LOFTANG1
 40
1.570796326794897
  9
$LOFTANG2
 40
1.570796326794897
  9
$LOFTMAG1
 40
0.0
  9
$LOFTMAG2
 40
0.0
  9
$LOFTPARAM
 70
     7
  9
$LOFTNORMALS
280
     1
  9
$LATITUDE
 40
37.795
  9
$LONGITUDE
 40
-122.394
  9
$NORTHDIRECTION
 40
0.0
  9
$TIMEZONE
 70
 -8000
  9
$LIGHTGLYPHDISPLAY
280
     1
  9
$TILEMODELIGHTSYNCH
280
     1
  9
$CMATERIAL
347
129
  9
$SOLIDHIST
280
     0
  9
$SHOWHIST
280
     1
  9
$DWFFRAME
280
     2
  9
$DGNFRAME
280
     2
  9
$REALWORLDSCALE
290
     1
  9
$INTERFERECOLOR
 62
   256
  9
$CSHADOW
280
     0
  9
$SHADOWPLANELOCATION
 40
0.0
  0
ENDSEC
  0
SECTION
  2
CLASSES
  0
CLASS
  1
ACDBDICTIONARYWDFLT
  2
AcDbDictionaryWithDefault
  3
ObjectDBX Classes
 90
        0
 91
        3
280
     0
281
     0
  0
CLASS
  1
VISUALSTYLE
  2
AcDbVisualStyle
  3
ObjectDBX Classes
 90
     4095
 91
        3
280
     0
281
     0
  0
CLASS
  1
MATERIAL
  2
AcDbMaterial
  3
ObjectDBX Classes
 90
     1153
 91
        3
280
     0
281
     0
  0
CLASS
  1
SCALE
  2
AcDbScale
  3
ObjectDBX Classes
 90
     1153
 91
        3
280
     0
281
     0
  0
CLASS
  1
TABLESTYLE
  2
AcDbTableStyle
  3
ObjectDBX Classes
 90
     4095
 91
        3
280
     0
281
     0
  0
CLASS
  1
MLEADERSTYLE
  2
AcDbMLeaderStyle
  3
ACDB_MLEADERSTYLE_CLASS
 90
     4095
 91
        3
280
     0
281
     0
  0
CLASS
  1
SUN
  2
AcDbSun
  3
SCENEOE
 90
     1153
 91
        3
280
     0
281
     0
  0
CLASS
  1
RASTERVARIABLES
  2
AcDbRasterVariables
  3
ISM
 90
        0
 91
        3
280
     0
281
     0
  0
CLASS
  1
DICTIONARYVAR
  2
AcDbDictionaryVar
  3
ObjectDBX Classes
 90
        0
 91
        3
280
     0
281
     0
  0
CLASS
  1
CELLSTYLEMAP
  2
AcDbCellStyleMap
  3
ObjectDBX Classes
 90
     1152
 91
        3
280
     0
281
     0
  0
ENDSEC
  0
SECTION
  2
TABLES
  0
TABLE
  2
VPORT
  5
EE
330
0
100
AcDbSymbolTable
 70
     1
  0
VPORT
  5
10E
330
EE
100
AcDbSymbolTableRecord
100
AcDbViewportTableRecord
  2
*Active
 70
     0
 10
0.0
 20
0.0
 11
1.0
 21
1.0
 12
6.793498429670475
 22
2.912100770665063
 13
0.0
 23
0.0
 14
0.5
 24
0.5
 15
0.5
 25
0.5
 16
0.0
 26
0.0
 36
1.0
 17
0.0
 27
0.0
 37
0.0
 40
63.49178181204012
 41
2.221565731166913
 42
50.0
 43
0.0
 44
0.0
 50
0.0
 51
0.0
 71
     0
 72
   100
 73
     1
 74
     3
 75
     0
 76
     0
 77
     0
 78
     0
281
     0
 65
     1
110
0.0
120
0.0
130
0.0
111
1.0
121
0.0
131
0.0
112
0.0
122
1.0
132
0.0
 79
     0
146
0.0
348
114
 60
     3
 61
     5
292
     1
282
     1
141
0.0
142
0.0
 63
   250
361
142
  0
ENDTAB
  0
TABLE
  2
LTYPE
  5
EB
330
0
100
AcDbSymbolTable
 70
    48
  0
LTYPE
  5
F9
330
EB
100
AcDbSymbolTableRecord
100
AcDbLinetypeTableRecord
  2
ByBlock
 70
     0
  3

 72
    65
 73
     0
 40
0.0
  0
LTYPE
  5
FA
330
EB
100
AcDbSymbolTableRecord
100
AcDbLinetypeTableRecord
  2
ByLayer
 70
     0
  3

 72
    65
 73
     0
 40
0.0
  0
LTYPE
  5
FB
330
EB
100
AcDbSymbolTableRecord
100
AcDbLinetypeTableRecord
  2
Continuous
 70
     0
  3
Solid line
 72
    65
 73
     0
 40
0.0
  0
LTYPE
  5
17E
330
EB
100
AcDbSymbolTableRecord
100
AcDbLinetypeTableRecord
  2
ACAD_ISO02W100
 70
     0
  3
ISO dash __ __ __ __ __ __ __ __ __ __ __ __ __
 72
    65
 73
     2
 40
15.0
 49
12.0
 74
     0
 49
-3.0
 74
     0
  0
LTYPE
  5
17F
330
EB
100
AcDbSymbolTableRecord
100
AcDbLinetypeTableRecord
  2
ACAD_ISO03W100
 70
     0
  3
ISO dash space __    __    __    __    __    __
 72
    65
 73
     2
 40
30.0
 49
12.0
 74
     0
 49
-18.0
 74
     0
  0
LTYPE
  5
180
330
EB
100
AcDbSymbolTableRecord
100
AcDbLinetypeTableRecord
  2
ACAD_ISO04W100
 70
     0
  3
ISO long-dash dot ____ . ____ . ____ . ____ . _
 72
    65
 73
     4
 40
30.0
 49
24.0
 74
     0
 49
-3.0
 74
     0
 49
0.0
 74
     0
 49
-3.0
 74
     0
  0
LTYPE
  5
181
330
EB
100
AcDbSymbolTableRecord
100
AcDbLinetypeTableRecord
  2
PHANTOM2
 70
     0
  3
Phantom (.5x) ___ _ _ ___ _ _ ___ _ _ ___ _ _
 72
    65
 73
     6
 40
31.75
 49
15.875
 74
     0
 49
-3.175
 74
     0
 49
3.175
 74
     0
 49
-3.175
 74
     0
 49
3.175
 74
     0
 49
-3.175
 74
     0
  0
LTYPE
  5
182
330
EB
100
AcDbSymbolTableRecord
100
AcDbLinetypeTableRecord
  2
PHANTOMX2
 70
     0
  3
Phantom (2x) ____________    ____    ____   _
 72
    65
 73
     6
 40
127.0
 49
63.5
 74
     0
 49
-12.7
 74
     0
 49
12.7
 74
     0
 49
-12.7
 74
     0
 49
12.7
 74
     0
 49
-12.7
 74
     0
  0
LTYPE
  5
184
330
EB
100
AcDbSymbolTableRecord
100
AcDbLinetypeTableRecord
  2
TRACKS
 70
     0
  3
Tracks -|-|-|-|-|-|-|-|-|-|-|-|-|-|-|-|-|-|-|-|-|-|-|-|-
 72
    65
 73
     2
 40
7.62
 49
3.81
 74
     2
 75
     0
340
183
 46
6.35
 50
0.0
 44
0.0
 45
0.0
  9
TRACK1
 49
3.81
 74
     0
  0
LTYPE
  5
185
330
EB
100
AcDbSymbolTableRecord
100
AcDbLinetypeTableRecord
  2
ZIGZAG
 70
     0
  3
Zig zag /\/\/\/\/\/\/\/\/\/\/\/\/\/\/\/\/\/\/\/\/\/\/\/
 72
    65
 73
     4
 40
20.32254
 49
0.00254
 74
     0
 49
-5.08
 74
     2
 75
     0
340
183
 46
5.08
 50
0.0
 44
-5.08
 45
0.0
  9
ZIG
 49
-10.16
 74
     2
 75
     0
340
183
 46
5.08
 50
180.0
 44
5.08
 45
0.0
  9
ZIG
 49
-5.08
 74
     0
  0
LTYPE
  5
186
330
EB
100
AcDbSymbolTableRecord
100
AcDbLinetypeTableRecord
  2
HIDDEN2
 70
     0
  3
Hidden (.5x) _ _ _ _ _ _ _ _ _ _ _ _ _ _ _ _ _ 
 72
    65
 73
     2
 40
4.762499999999999
 49
3.175
 74
     0
 49
-1.5875
 74
     0
  0
LTYPE
  5
187
330
EB
100
AcDbSymbolTableRecord
100
AcDbLinetypeTableRecord
  2
HIDDENX2
 70
     0
  3
Hidden (2x) ____ ____ ____ ____ ____ ____ ____ 
 72
    65
 73
     2
 40
19.05
 49
12.7
 74
     0
 49
-6.35
 74
     0
  0
LTYPE
  5
189
330
EB
100
AcDbSymbolTableRecord
100
AcDbLinetypeTableRecord
  2
HOT_WATER_SUPPLY
 70
     0
  3
Hot water supply ---- HW ---- HW ---- HW ----
 72
    65
 73
     3
 40
22.86
 49
12.7
 74
     0
 49
-5.08
 74
     2
 75
     0
340
188
 46
2.54
 50
0.0
 44
-2.54
 45
-1.27
  9
HW
 49
-5.08
 74
     0
  0
LTYPE
  5
18A
330
EB
100
AcDbSymbolTableRecord
100
AcDbLinetypeTableRecord
  2
PHANTOM
 70
     0
  3
Phantom ______  __  __  ______  __  __  ______ 
 72
    65
 73
     6
 40
63.50000000000001
 49
31.75
 74
     0
 49
-6.35
 74
     0
 49
6.35
 74
     0
 49
-6.35
 74
     0
 49
6.35
 74
     0
 49
-6.35
 74
     0
  0
LTYPE
  5
18B
330
EB
100
AcDbSymbolTableRecord
100
AcDbLinetypeTableRecord
  2
FENCELINE1
 70
     0
  3
Fenceline circle ----0-----0----0-----0----0-----0--
 72
    65
 73
     4
 40
36.83
 49
6.35
 74
     0
 49
-2.54
 74
     2
 75
     0
340
183
 46
2.54
 50
0.0
 44
-2.54
 45
0.0
  9
CIRC1
 49
-2.54
 74
     0
 49
25.4
 74
     0
  0
LTYPE
  5
18C
330
EB
100
AcDbSymbolTableRecord
100
AcDbLinetypeTableRecord
  2
FENCELINE2
 70
     0
  3
Fenceline square ----[]-----[]----[]-----[]----[]---
 72
    65
 73
     4
 40
36.83
 49
6.35
 74
     0
 49
-2.54
 74
     2
 75
     0
340
183
 46
2.54
 50
0.0
 44
-2.54
 45
0.0
  9
BOX
 49
-2.54
 74
     0
 49
25.4
 74
     0
  0
LTYPE
  5
18D
330
EB
100
AcDbSymbolTableRecord
100
AcDbLinetypeTableRecord
  2
GAS_LINE
 70
     0
  3
Gas line ----GAS----GAS----GAS----GAS----GAS----GAS--
 72
    65
 73
     3
 40
24.13
 49
12.7
 74
     0
 49
-5.08
 74
     2
 75
     0
340
188
 46
2.54
 50
0.0
 44
-2.54
 45
-1.27
  9
GAS
 49
-6.35
 74
     0
  0
LTYPE
  5
18E
330
EB
100
AcDbSymbolTableRecord
100
AcDbLinetypeTableRecord
  2
HIDDEN
 70
     0
  3
__ __ __ __ __
 72
    65
 73
     2
 40
0.5
 49
0.25
 74
     0
 49
-0.25
 74
     0
  0
LTYPE
  5
18F
330
EB
100
AcDbSymbolTableRecord
100
AcDbLinetypeTableRecord
  2
DOT2
 70
     0
  3
Dot (.5x) ........................................
 72
    65
 73
     2
 40
3.175
 49
0.0
 74
     0
 49
-3.175
 74
     0
  0
LTYPE
  5
190
330
EB
100
AcDbSymbolTableRecord
100
AcDbLinetypeTableRecord
  2
DOTX2
 70
     0
  3
Dot (2x) .  .  .  .  .  .  .  .  .  .  .  .  .  .
 72
    65
 73
     2
 40
12.7
 49
0.0
 74
     0
 49
-12.7
 74
     0
  0
LTYPE
  5
192
330
EB
100
AcDbSymbolTableRecord
100
AcDbLinetypeTableRecord
  2
DRAINAGE
 70
     0
  3
Drainage ---->---->---->----
 72
    65
 73
     2
 40
10.16
 49
5.08
 74
     2
 75
     0
340
191
 46
2.54
 50
180.0
 44
0.0
 45
0.0
  9
RIGHT_ARROW
 49
5.08
 74
     0
  0
LTYPE
  5
193
330
EB
100
AcDbSymbolTableRecord
100
AcDbLinetypeTableRecord
  2
DRAINAGE2
 70
     0
  3
Drainage reversed----<----<----<----
 72
    65
 73
     2
 40
10.16
 49
5.08
 74
     2
 75
     0
340
191
 46
2.54
 50
0.0
 44
0.0
 45
0.0
  9
RIGHT_ARROW
 49
5.08
 74
     0
  0
LTYPE
  5
194
330
EB
100
AcDbSymbolTableRecord
100
AcDbLinetypeTableRecord
  2
DIVIDE
 70
     0
  3
____ . . ____ . . 
 72
    65
 73
     6
 40
1.25
 49
0.5
 74
     0
 49
-0.25
 74
     0
 49
0.0
 74
     0
 49
-0.25
 74
     0
 49
0.0
 74
     0
 49
-0.25
 74
     0
  0
LTYPE
  5
195
330
EB
100
AcDbSymbolTableRecord
100
AcDbLinetypeTableRecord
  2
DIVIDE2
 70
     0
  3
Divide (.5x) __..__..__..__..__..__..__..__.._
 72
    65
 73
     6
 40
15.875
 49
6.35
 74
     0
 49
-3.175
 74
     0
 49
0.0
 74
     0
 49
-3.175
 74
     0
 49
0.0
 74
     0
 49
-3.175
 74
     0
  0
LTYPE
  5
196
330
EB
100
AcDbSymbolTableRecord
100
AcDbLinetypeTableRecord
  2
DIVIDEX2
 70
     0
  3
Divide (2x) ________  .  .  ________  .  .  _
 72
    65
 73
     6
 40
63.5
 49
25.4
 74
     0
 49
-12.7
 74
     0
 49
0.0
 74
     0
 49
-12.7
 74
     0
 49
0.0
 74
     0
 49
-12.7
 74
     0
  0
LTYPE
  5
197
330
EB
100
AcDbSymbolTableRecord
100
AcDbLinetypeTableRecord
  2
DOT
 70
     0
  3
. . . . . . .
 72
    65
 73
     2
 40
0.25
 49
0.0
 74
     0
 49
-0.25
 74
     0
  0
LTYPE
  5
198
330
EB
100
AcDbSymbolTableRecord
100
AcDbLinetypeTableRecord
  2
DASHDOTX2
 70
     0
  3
Dash dot (2x) ____  .  ____  .  ____  .  ___
 72
    65
 73
     4
 40
50.8
 49
25.4
 74
     0
 49
-12.7
 74
     0
 49
0.0
 74
     0
 49
-12.7
 74
     0
  0
LTYPE
  5
199
330
EB
100
AcDbSymbolTableRecord
100
AcDbLinetypeTableRecord
  2
DASHED
 70
     0
  3
__ __ __ __ __
 72
    65
 73
     2
 40
0.8
 49
0.5
 74
     0
 49
-0.3
 74
     0
  0
LTYPE
  5
19A
330
EB
100
AcDbSymbolTableRecord
100
AcDbLinetypeTableRecord
  2
DASHED2
 70
     0
  3
Dashed (.5x) _ _ _ _ _ _ _ _ _ _ _ _ _ _ _ _ _ 
 72
    65
 73
     2
 40
9.524999999999999
 49
6.35
 74
     0
 49
-3.175
 74
     0
  0
LTYPE
  5
19B
330
EB
100
AcDbSymbolTableRecord
100
AcDbLinetypeTableRecord
  2
DASHEDX2
 70
     0
  3
Dashed (2x) ____  ____  ____  ____  ____  ___
 72
    65
 73
     2
 40
38.09999999999999
 49
25.4
 74
     0
 49
-12.7
 74
     0
  0
LTYPE
  5
19C
330
EB
100
AcDbSymbolTableRecord
100
AcDbLinetypeTableRecord
  2
CENTER2
 70
     0
  3
Center (.5x) ___ _ ___ _ ___ _ ___ _ ___ _ ___
 72
    65
 73
     4
 40
28.575
 49
19.05
 74
     0
 49
-3.175
 74
     0
 49
3.175
 74
     0
 49
-3.175
 74
     0
  0
LTYPE
  5
19D
330
EB
100
AcDbSymbolTableRecord
100
AcDbLinetypeTableRecord
  2
CENTERX2
 70
     0
  3
Center (2x) ________  __  ________  __  _____
 72
    65
 73
     4
 40
101.6
 49
63.5
 74
     0
 49
-12.7
 74
     0
 49
12.7
 74
     0
 49
-12.7
 74
     0
  0
LTYPE
  5
19E
330
EB
100
AcDbSymbolTableRecord
100
AcDbLinetypeTableRecord
  2
DASHDOT
 70
     0
  3
__ . __ . __ .
 72
    65
 73
     4
 40
1.0
 49
0.5
 74
     0
 49
-0.25
 74
     0
 49
0.0
 74
     0
 49
-0.25
 74
     0
  0
LTYPE
  5
19F
330
EB
100
AcDbSymbolTableRecord
100
AcDbLinetypeTableRecord
  2
DASHDOT2
 70
     0
  3
Dash dot (.5x) _._._._._._._._._._._._._._._.
 72
    65
 73
     4
 40
12.7
 49
6.35
 74
     0
 49
-3.175
 74
     0
 49
0.0
 74
     0
 49
-3.175
 74
     0
  0
LTYPE
  5
1A0
330
EB
100
AcDbSymbolTableRecord
100
AcDbLinetypeTableRecord
  2
BORDER
 70
     0
  3
__ __ . __ __ . 
 72
    65
 73
     6
 40
1.75
 49
0.5
 74
     0
 49
-0.25
 74
     0
 49
0.5
 74
     0
 49
-0.25
 74
     0
 49
0.0
 74
     0
 49
-0.25
 74
     0
  0
LTYPE
  5
1A1
330
EB
100
AcDbSymbolTableRecord
100
AcDbLinetypeTableRecord
  2
BORDER2
 70
     0
  3
Border (.5x) __.__.__.__.__.__.__.__.__.__.__.
 72
    65
 73
     6
 40
22.225
 49
6.35
 74
     0
 49
-3.175
 74
     0
 49
6.35
 74
     0
 49
-3.175
 74
     0
 49
0.0
 74
     0
 49
-3.175
 74
     0
  0
LTYPE
  5
1A2
330
EB
100
AcDbSymbolTableRecord
100
AcDbLinetypeTableRecord
  2
BORDERX2
 70
     0
  3
Border (2x) ____  ____  .  ____  ____  .  ___
 72
    65
 73
     6
 40
88.89999999999999
 49
25.4
 74
     0
 49
-12.7
 74
     0
 49
25.4
 74
     0
 49
-12.7
 74
     0
 49
0.0
 74
     0
 49
-12.7
 74
     0
  0
LTYPE
  5
1A3
330
EB
100
AcDbSymbolTableRecord
100
AcDbLinetypeTableRecord
  2
CENTER
 70
     0
  3
____ _ ____ _ __
 72
    65
 73
     4
 40
2.0
 49
1.25
 74
     0
 49
-0.25
 74
     0
 49
0.25
 74
     0
 49
-0.25
 74
     0
  0
LTYPE
  5
1A4
330
EB
100
AcDbSymbolTableRecord
100
AcDbLinetypeTableRecord
  2
ACAD_ISO13W100
 70
     0
  3
ISO double-dash double-dot __ __ . . __ __ . . _
 72
    65
 73
     8
 40
36.0
 49
12.0
 74
     0
 49
-3.0
 74
     0
 49
12.0
 74
     0
 49
-3.0
 74
     0
 49
0.0
 74
     0
 49
-3.0
 74
     0
 49
0.0
 74
     0
 49
-3.0
 74
     0
  0
LTYPE
  5
1A5
330
EB
100
AcDbSymbolTableRecord
100
AcDbLinetypeTableRecord
  2
ACAD_ISO14W100
 70
     0
  3
ISO dash triple-dot __ . . . __ . . . __ . . . _
 72
    65
 73
     8
 40
24.0
 49
12.0
 74
     0
 49
-3.0
 74
     0
 49
0.0
 74
     0
 49
-3.0
 74
     0
 49
0.0
 74
     0
 49
-3.0
 74
     0
 49
0.0
 74
     0
 49
-3.0
 74
     0
  0
LTYPE
  5
1A6
330
EB
100
AcDbSymbolTableRecord
100
AcDbLinetypeTableRecord
  2
ACAD_ISO15W100
 70
     0
  3
ISO double-dash triple-dot __ __ . . . __ __ . .
 72
    65
 73
    10
 40
39.0
 49
12.0
 74
     0
 49
-3.0
 74
     0
 49
12.0
 74
     0
 49
-3.0
 74
     0
 49
0.0
 74
     0
 49
-3.0
 74
     0
 49
0.0
 74
     0
 49
-3.0
 74
     0
 49
0.0
 74
     0
 49
-3.0
 74
     0
  0
LTYPE
  5
1A7
330
EB
100
AcDbSymbolTableRecord
100
AcDbLinetypeTableRecord
  2
BATTING
 70
     0
  3
Batting SSSSSSSSSSSSSSSSSSSSSSSSSSSSSSSSSSSSSSSSSSSSSSS
 72
    65
 73
     4
 40
10.16254
 49
0.00254
 74
     0
 49
-2.54
 74
     2
 75
     0
340
183
 46
2.54
 50
0.0
 44
-2.54
 45
0.0
  9
BAT
 49
-5.08
 74
     2
 75
     0
340
183
 46
2.54
 50
180.0
 44
2.54
 45
0.0
  9
BAT
 49
-2.54
 74
     0
  0
LTYPE
  5
1A8
330
EB
100
AcDbSymbolTableRecord
100
AcDbLinetypeTableRecord
  2
ACAD_ISO09W100
 70
     0
  3
ISO long-dash double-short-dash ____ __ __ ____
 72
    65
 73
     6
 40
45.0
 49
24.0
 74
     0
 49
-3.0
 74
     0
 49
6.0
 74
     0
 49
-3.0
 74
     0
 49
6.0
 74
     0
 49
-3.0
 74
     0
  0
LTYPE
  5
1A9
330
EB
100
AcDbSymbolTableRecord
100
AcDbLinetypeTableRecord
  2
ACAD_ISO10W100
 70
     0
  3
ISO dash dot __ . __ . __ . __ . __ . __ . __ . 
 72
    65
 73
     4
 40
18.0
 49
12.0
 74
     0
 49
-3.0
 74
     0
 49
0.0
 74
     0
 49
-3.0
 74
     0
  0
LTYPE
  5
1AA
330
EB
100
AcDbSymbolTableRecord
100
AcDbLinetypeTableRecord
  2
ACAD_ISO11W100
 70
     0
  3
ISO double-dash dot __ __ . __ __ . __ __ . __ _
 72
    65
 73
     6
 40
33.0
 49
12.0
 74
     0
 49
-3.0
 74
     0
 49
12.0
 74
     0
 49
-3.0
 74
     0
 49
0.0
 74
     0
 49
-3.0
 74
     0
  0
LTYPE
  5
1AB
330
EB
100
AcDbSymbolTableRecord
100
AcDbLinetypeTableRecord
  2
ACAD_ISO12W100
 70
     0
  3
ISO dash double-dot __ . . __ . . __ . . __ . . 
 72
    65
 73
     6
 40
21.0
 49
12.0
 74
     0
 49
-3.0
 74
     0
 49
0.0
 74
     0
 49
-3.0
 74
     0
 49
0.0
 74
     0
 49
-3.0
 74
     0
  0
LTYPE
  5
1AC
330
EB
100
AcDbSymbolTableRecord
100
AcDbLinetypeTableRecord
  2
ACAD_ISO05W100
 70
     0
  3
ISO long-dash double-dot ____ .. ____ .. ____ . 
 72
    65
 73
     6
 40
33.0
 49
24.0
 74
     0
 49
-3.0
 74
     0
 49
0.0
 74
     0
 49
-3.0
 74
     0
 49
0.0
 74
     0
 49
-3.0
 74
     0
  0
LTYPE
  5
1AD
330
EB
100
AcDbSymbolTableRecord
100
AcDbLinetypeTableRecord
  2
ACAD_ISO06W100
 70
     0
  3
ISO long-dash triple-dot ____ ... ____ ... ____
 72
    65
 73
     8
 40
36.0
 49
24.0
 74
     0
 49
-3.0
 74
     0
 49
0.0
 74
     0
 49
-3.0
 74
     0
 49
0.0
 74
     0
 49
-3.0
 74
     0
 49
0.0
 74
     0
 49
-3.0
 74
     0
  0
LTYPE
  5
1AE
330
EB
100
AcDbSymbolTableRecord
100
AcDbLinetypeTableRecord
  2
ACAD_ISO07W100
 70
     0
  3
ISO dot . . . . . . . . . . . . . . . . . . . . 
 72
    65
 73
     2
 40
3.0
 49
0.0
 74
     0
 49
-3.0
 74
     0
  0
LTYPE
  5
1AF
330
EB
100
AcDbSymbolTableRecord
100
AcDbLinetypeTableRecord
  2
ACAD_ISO08W100
 70
     0
  3
ISO long-dash short-dash ____ __ ____ __ ____ _
 72
    65
 73
     4
 40
36.0
 49
24.0
 74
     0
 49
-3.0
 74
     0
 49
6.0
 74
     0
 49
-3.0
 74
     0
  0
ENDTAB
  0
TABLE
  2
LAYER
  5
E9
330
0
100
AcDbSymbolTable
 70
     2
  0
LAYER
  5
F6
330
E9
100
AcDbSymbolTableRecord
100
AcDbLayerTableRecord
  2
0
 70
     0
 62
     7
  6
Continuous
370
    -3
390
F5
347
12B
348
0
  0
LAYER
  5
1B0
330
E9
100
AcDbSymbolTableRecord
100
AcDbLayerTableRecord
  2
PYDXF
 70
     0
 62
     7
  6
Continuous
370
    -3
390
F5
347
12B
348
0
  0
ENDTAB
  0
TABLE
  2
STYLE
  5
EA
330
0
100
AcDbSymbolTable
 70
     5
  0
STYLE
  5
F7
330
EA
100
AcDbSymbolTableRecord
100
AcDbTextStyleTableRecord
  2
Standard
 70
     0
 40
0.0
 41
1.0
 50
0.0
 71
     0
 42
1.0
  3
txt
  4

  0
STYLE
  5
17C
330
EA
100
AcDbSymbolTableRecord
100
AcDbTextStyleTableRecord
  2
QCADDimTextStyle
 70
     0
 40
0.0
 41
1.0
 50
0.0
 71
     0
 42
1.0
  3

  4

  0
STYLE
  5
183
330
EA
100
AcDbSymbolTableRecord
100
AcDbTextStyleTableRecord
  2
textstyle0
 70
     0
 40
0.0
 41
1.0
 50
0.0
 71
     0
 42
1.0
  3
ltypeshp.shx
  4

  0
STYLE
  5
188
330
EA
100
AcDbSymbolTableRecord
100
AcDbTextStyleTableRecord
  2
textstyle1
 70
     0
 40
0.0
 41
1.0
 50
0.0
 71
     0
 42
1.0
  3
STANDARD
  4

  0
STYLE
  5
191
330
EA
100
AcDbSymbolTableRecord
100
AcDbTextStyleTableRecord
  2
textstyle2
 70
     0
 40
0.0
 41
1.0
 50
0.0
 71
     0
 42
1.0
  3
qcadshp.shx
  4

  0
ENDTAB
  0
TABLE
  2
VIEW
  5
EC
330
0
100
AcDbSymbolTable
 70
     1
  0
VIEW
  5
1B3
330
EC
100
AcDbSymbolTableRecord
100
AcDbViewTableRecord
  2
BF_TOPVIEW
 70
     0
 40
120.0
 10
0.0
 20
0.0
 41
200.0
 11
0.0
 21
0.0
 31
1.0
 12
0.0
 22
0.0
 32
0.0
 42
50.0
 43
0.0
 44
0.0
 50
0.0
 71
     0
281
     0
 72
     0
 73
     0
  0
ENDTAB
  0
TABLE
  2
UCS
  5
ED
330
0
100
AcDbSymbolTable
 70
     0
  0
ENDTAB
  0
TABLE
  2
APPID
  5
EF
330
0
100
AcDbSymbolTable
 70
     2
  0
APPID
  5
F8
330
EF
100
AcDbSymbolTableRecord
100
AcDbRegAppTableRecord
  2
ACAD
 70
     0
  0
APPID
  5
143
330
EF
100
AcDbSymbolTableRecord
100
AcDbRegAppTableRecord
  2
QCAD
 70
     0
  0
ENDTAB
  0
TABLE
  2
DIMSTYLE
  5
F0
330
0
100
AcDbSymbolTable
 70
     2
100
AcDbDimStyleTable
  0
DIMSTYLE
105
10C
330
F0
100
AcDbSymbolTableRecord
100
AcDbDimStyleTableRecord
  2
Standard
 70
     0
178
     0
340
F7
  0
DIMSTYLE
105
17D
330
F0
100
AcDbSymbolTableRecord
100
AcDbDimStyleTableRecord
  2
QCADDimStyle
 70
     0
178
     0
279
     2
340
17C
  0
ENDTAB
  0
TABLE
  2
BLOCK_RECORD
  5
E8
330
0
100
AcDbSymbolTable
 70
     0
  0
BLOCK_RECORD
  5
104
330
E8
100
AcDbSymbolTableRecord
100
AcDbBlockTableRecord
  2
*Model_Space
340
107
 70
     0
280
     1
281
     0
  0
BLOCK_RECORD
  5
100
330
E8
100
AcDbSymbolTableRecord
100
AcDbBlockTableRecord
  2
*Paper_Space
340
103
 70
     0
280
     1
281
     0
  0
ENDTAB
  0
ENDSEC
  0
SECTION
  2
BLOCKS
  0
BLOCK
  5
105
330
104
100
AcDbEntity
  8
0
100
AcDbBlockBegin
  2
*Model_Space
 70
     0
 10
0.0
 20
0.0
 30
0.0
  3
*Model_Space
  1

  0
ENDBLK
  5
106
330
104
100
AcDbEntity
  8
0
100
AcDbBlockEnd
  0
BLOCK
  5
101
330
100
100
AcDbEntity
 67
     1
  8
0
100
AcDbBlockBegin
  2
*Paper_Space
 70
     0
 10
0.0
 20
0.0
 30
0.0
  3
*Paper_Space
  1

  0
ENDBLK
  5
102
330
100
100
AcDbEntity
 67
     1
  8
0
100
AcDbBlockEnd
  0
ENDSEC
  0
SECTION
  2
ENTITIES
  0
LINE
  5
4A
330
104
100
AcDbEntity
  8
0
100
AcDbLine
 10
10.63322648406029
 20
10.5799101293087
 30
2.500000176951289
 11
12.55292259156704
 21
11.46403700113297
 31
2.500000176951289
  0
LINE
  5
4D
330
104
100
AcDbEntity
  8
0
100
AcDbLine
 10
2.383744809776545
 20
14.80938121676445
 30
2.500000176951289
 11
3.417135216295719
 21
16.65302366018295
 31
2.500000176951289
  0
LINE
  5
50
330
104
100
AcDbEntity
  8
0
100
AcDbLine
 10
-6.776245776563883
 20
13.38217128068209
 30
2.500000176951289
 11
-7.023880258202553
 21
15.48112090677023
 31
2.500000176951289
  0
LINE
  5
53
330
104
100
AcDbEntity
  8
0
100
AcDbLine
 10
-13.3479405194521
 20
6.843427196145058
 30
2.500000176951289
 11
-14.7820133715868
 21
8.395956829190254
 31
2.500000176951289
  0
LINE
  5
56
330
104
100
AcDbEntity
  8
0
100
AcDbLine
 10
-14.82117641717196
 20
-2.309274394065142
 30
2.500000176951289
 11
-16.89392141997814
 21
-1.896178117021918
 31
2.500000176951289
  0
LINE
  5
59
330
104
100
AcDbEntity
  8
0
100
AcDbLine
 10
-10.63322648406029
 20
-10.5799101293087
 30
2.500000176951289
 11
-12.55292259156704
 21
-11.46403700113297
 31
2.500000176951289
  0
LINE
  5
5C
330
104
100
AcDbEntity
  8
0
100
AcDbLine
 10
-2.383744809776545
 20
-14.80938121676445
 30
2.500000176951289
 11
-3.417135216295719
 21
-16.65302366018295
 31
2.500000176951289
  0
LINE
  5
5F
330
104
100
AcDbEntity
  8
0
100
AcDbLine
 10
6.776245776563883
 20
-13.38217128068209
 30
2.500000176951289
 11
7.023880258202553
 21
-15.48112090677023
 31
2.500000176951289
  0
LINE
  5
62
330
104
100
AcDbEntity
  8
0
100
AcDbLine
 10
13.3479405194521
 20
-6.843427196145058
 30
2.500000176951289
 11
14.7820133715868
 21
-8.395956829190254
 31
2.500000176951289
  0
LINE
  5
65
330
104
100
AcDbEntity
  8
0
100
AcDbLine
 10
14.82117641717196
 20
2.309274394065142
 30
2.500000176951289
 11
16.89392141997814
 21
1.896178117021918
 31
2.500000176951289
  0
LINE
  5
66
330
104
100
AcDbEntity
  8
0
100
AcDbLine
 10
-1.501348568126559
 20
0.0000000082603837
 30
2.500000176951289
 11
-1.387065276503563
 21
-0.5745412781834602
 31
2.500000176951289
  0
LINE
  5
67
330
104
100
AcDbEntity
  8
0
100
AcDbLine
 10
-1.501348568126559
 20
0.0000000082603837
 30
2.500000176951289
 11
-1.387065276503563
 21
0.5745412781834602
 31
2.500000176951289
  0
LINE
  5
68
330
104
100
AcDbEntity
  8
0
100
AcDbLine
 10
-0.5745413363911211
 20
1.387065276503563
 30
2.500000176951289
 11
-1.061613671481609
 21
1.061613671481609
 31
2.500000176951289
  0
LINE
  5
69
330
104
100
AcDbEntity
  8
0
100
AcDbLine
 10
0.5745412199757993
 20
-1.387065276503563
 30
2.500000176951289
 11
1.061613671481609
 21
-1.061613671481609
 31
2.500000176951289
  0
LINE
  5
6A
330
104
100
AcDbEntity
  8
0
100
AcDbLine
 10
1.387065276503563
 20
0.5745412781834602
 30
2.500000176951289
 11
1.061613671481609
 21
1.061613671481609
 31
2.500000176951289
  0
LINE
  5
6B
330
104
100
AcDbEntity
  8
0
100
AcDbLine
 10
-0.5745413363911211
 20
1.387065276503563
 30
2.500000176951289
 11
-0.0000000161205181
 21
1.501348568126559
 31
2.500000176951289
  0
LINE
  5
6C
330
104
100
AcDbEntity
  8
0
100
AcDbLine
 10
8.86102207005024
 20
8.816592395305634
 30
2.500000176951289
 11
10.63322648406029
 21
10.5799101293087
 31
2.500000176951289
  0
LINE
  5
6D
330
104
100
AcDbEntity
  8
0
100
AcDbLine
 10
14.82403092086315
 20
8.321547880768776
 30
2.500000176951289
 11
13.77835962921381
 21
9.957751259207726
 31
2.500000176951289
  0
LINE
  5
6E
330
104
100
AcDbEntity
  8
0
100
AcDbLine
 10
8.86102207005024
 20
8.816592395305634
 30
2.500000176951289
 11
7.37270899116993
 21
10.09421423077583
 31
2.500000176951289
  0
LINE
  5
6F
330
104
100
AcDbEntity
  8
0
100
AcDbLine
 10
1.98645400814712
 20
12.34115101397038
 30
2.500000176951289
 11
2.383744809776545
 21
14.80938121676445
 31
2.500000176951289
  0
LINE
  5
70
330
104
100
AcDbEntity
  8
0
100
AcDbLine
 10
7.101608440279961
 20
15.44561982154846
 30
2.500000176951289
 11
5.293907597661018
 21
16.1547064781189
 31
2.500000176951289
  0
LINE
  5
71
330
104
100
AcDbEntity
  8
0
100
AcDbLine
 10
1.98645400814712
 20
12.34115101397038
 30
2.500000176951289
 11
0.0314160715788603
 21
12.49996013939381
 31
2.500000176951289
  0
LINE
  5
72
330
104
100
AcDbEntity
  8
0
100
AcDbLine
 10
-5.646871402859688
 20
11.15180924534798
 30
2.500000176951289
 11
-6.776245776563883
 21
13.38217128068209
 31
2.500000176951289
  0
LINE
  5
73
330
104
100
AcDbEntity
  8
0
100
AcDbLine
 10
-3.333385102450848
 20
16.66998863220215
 30
2.500000176951289
 11
-5.212637595832348
 21
16.18111319839954
 31
2.500000176951289
  0
LINE
  5
74
330
104
100
AcDbEntity
  8
0
100
AcDbLine
 10
-5.646871402859688
 20
11.15180924534798
 30
2.500000176951289
 11
-7.321876473724842
 21
10.13114675879478
 31
2.500000176951289
  0
LINE
  5
75
330
104
100
AcDbEntity
  8
0
100
AcDbLine
 10
-11.12328376621008
 20
5.702855996787548
 30
2.500000176951289
 11
-13.3479405194521
 21
6.843427196145058
 31
2.500000176951289
  0
LINE
  5
76
330
104
100
AcDbEntity
  8
0
100
AcDbLine
 10
-12.49513868242502
 20
11.52699068188667
 30
2.500000176951289
 11
-13.72813247144222
 21
10.02688426524401
 31
2.500000176951289
  0
LINE
  5
77
330
104
100
AcDbEntity
  8
0
100
AcDbLine
 10
-11.12328376621008
 20
5.702855996787548
 30
2.500000176951289
 11
-11.87846064567566
 21
3.892578650265932
 31
2.500000176951289
  0
LINE
  5
78
330
104
100
AcDbEntity
  8
0
100
AcDbLine
 10
-12.35098019242287
 20
-1.924395095556974
 30
2.500000176951289
 11
-14.82117641717196
 21
-2.309274394065142
 31
2.500000176951289
  0
LINE
  5
79
330
104
100
AcDbEntity
  8
0
100
AcDbLine
 10
-16.88417419791222
 20
1.981072593480349
 30
2.500000176951289
 11
-16.99994690716267
 21
0.042725820094347
 31
2.500000176951289
  0
LINE
  5
7A
330
104
100
AcDbEntity
  8
0
100
AcDbLine
 10
-12.35098019242287
 20
-1.924395095556974
 30
2.500000176951289
 11
-11.89787685871124
 21
-3.832821501418948
 31
2.500000176951289
  0
LINE
  5
7B
330
104
100
AcDbEntity
  8
0
100
AcDbLine
 10
-8.86102207005024
 20
-8.816592395305634
 30
2.500000176951289
 11
-10.63322648406029
 21
-10.5799101293087
 31
2.500000176951289
  0
LINE
  5
7C
330
104
100
AcDbEntity
  8
0
100
AcDbLine
 10
-14.82403092086315
 20
-8.321547880768776
 30
2.500000176951289
 11
-13.77835962921381
 21
-9.957751259207726
 31
2.500000176951289
  0
LINE
  5
7D
330
104
100
AcDbEntity
  8
0
100
AcDbLine
 10
-8.86102207005024
 20
-8.816592395305634
 30
2.500000176951289
 11
-7.37270899116993
 21
-10.09421423077583
 31
2.500000176951289
  0
LINE
  5
7E
330
104
100
AcDbEntity
  8
0
100
AcDbLine
 10
-1.98645400814712
 20
-12.34115101397038
 30
2.500000176951289
 11
-2.383744809776545
 21
-14.80938121676445
 31
2.500000176951289
  0
LINE
  5
7F
330
104
100
AcDbEntity
  8
0
100
AcDbLine
 10
-7.101608440279961
 20
-15.44561982154846
 30
2.500000176951289
 11
-5.293907597661018
 21
-16.1547064781189
 31
2.500000176951289
  0
LINE
  5
80
330
104
100
AcDbEntity
  8
0
100
AcDbLine
 10
-1.98645400814712
 20
-12.34115101397038
 30
2.500000176951289
 11
-0.0314160715788603
 21
-12.49996013939381
 31
2.500000176951289
  0
LINE
  5
81
330
104
100
AcDbEntity
  8
0
100
AcDbLine
 10
5.646871402859688
 20
-11.15180924534798
 30
2.500000176951289
 11
6.776245776563883
 21
-13.38217128068209
 31
2.500000176951289
  0
LINE
  5
82
330
104
100
AcDbEntity
  8
0
100
AcDbLine
 10
3.333385102450848
 20
-16.66998863220215
 30
2.500000176951289
 11
5.212637595832348
 21
-16.18111319839954
 31
2.500000176951289
  0
LINE
  5
83
330
104
100
AcDbEntity
  8
0
100
AcDbLine
 10
5.646871402859688
 20
-11.15180924534798
 30
2.500000176951289
 11
7.321876473724842
 21
-10.13114675879478
 31
2.500000176951289
  0
LINE
  5
84
330
104
100
AcDbEntity
  8
0
100
AcDbLine
 10
11.12328376621008
 20
-5.702855996787548
 30
2.500000176951289
 11
13.3479405194521
 21
-6.843427196145058
 31
2.500000176951289
  0
LINE
  5
85
330
104
100
AcDbEntity
  8
0
100
AcDbLine
 10
12.49513868242502
 20
-11.52699068188667
 30
2.500000176951289
 11
13.72813247144222
 21
-10.02688426524401
 31
2.500000176951289
  0
LINE
  5
86
330
104
100
AcDbEntity
  8
0
100
AcDbLine
 10
11.12328376621008
 20
-5.702855996787548
 30
2.500000176951289
 11
11.87846064567566
 21
-3.892578650265932
 31
2.500000176951289
  0
LINE
  5
87
330
104
100
AcDbEntity
  8
0
100
AcDbLine
 10
12.35098019242287
 20
1.924395095556974
 30
2.500000176951289
 11
14.82117641717196
 21
2.309274394065142
 31
2.500000176951289
  0
LINE
  5
88
330
104
100
AcDbEntity
  8
0
100
AcDbLine
 10
16.88417419791222
 20
-1.981072593480349
 30
2.500000176951289
 11
16.99994690716267
 21
-0.042725820094347
 31
2.500000176951289
  0
LINE
  5
89
330
104
100
AcDbEntity
  8
0
100
AcDbLine
 10
-1.387065276503563
 20
-0.5745412781834602
 30
2.500000176951289
 11
-1.061613671481609
 21
-1.061613671481609
 31
2.500000176951289
  0
LINE
  5
8A
330
104
100
AcDbEntity
  8
0
100
AcDbLine
 10
-0.0000000161205181
 20
-1.501348568126559
 30
2.500000176951289
 11
0.5745412199757993
 21
-1.387065276503563
 31
2.500000176951289
  0
LINE
  5
8B
330
104
100
AcDbEntity
  8
0
100
AcDbLine
 10
0.5745412199757993
 20
1.387065276503563
 30
2.500000176951289
 11
1.061613671481609
 21
1.061613671481609
 31
2.500000176951289
  0
LINE
  5
8C
330
104
100
AcDbEntity
  8
0
100
AcDbLine
 10
0.5745412199757993
 20
1.387065276503563
 30
2.500000176951289
 11
-0.0000000161205181
 21
1.501348568126559
 31
2.500000176951289
  0
LINE
  5
8D
330
104
100
AcDbEntity
  8
0
100
AcDbLine
 10
11.89787685871124
 20
3.832821501418948
 30
2.500000176951289
 11
11.15180924534798
 21
5.646871402859688
 31
2.500000176951289
  0
LINE
  5
8F
330
104
100
AcDbEntity
  8
0
100
AcDbLine
 10
13.38217128068209
 20
6.776245776563883
 30
2.500000176951289
 11
14.82403092086315
 21
8.321547880768776
 31
2.500000176951289
  0
LINE
  5
90
330
104
100
AcDbEntity
  8
0
100
AcDbLine
 10
13.77835962921381
 20
9.957751259207726
 30
2.500000176951289
 11
12.55292259156704
 21
11.46403700113297
 31
2.500000176951289
  0
LINE
  5
91
330
104
100
AcDbEntity
  8
0
100
AcDbLine
 10
7.37270899116993
 20
10.09421423077583
 30
2.500000176951289
 11
5.702855996787548
 21
11.12328376621008
 31
2.500000176951289
  0
LINE
  5
93
330
104
100
AcDbEntity
  8
0
100
AcDbLine
 10
6.843427196145058
 20
13.3479405194521
 30
2.500000176951289
 11
7.101608440279961
 21
15.44561982154846
 31
2.500000176951289
  0
LINE
  5
94
330
104
100
AcDbEntity
  8
0
100
AcDbLine
 10
5.293907597661018
 20
16.1547064781189
 30
2.500000176951289
 11
3.417135216295719
 21
16.65302366018295
 31
2.500000176951289
  0
LINE
  5
95
330
104
100
AcDbEntity
  8
0
100
AcDbLine
 10
0.0314160715788603
 20
12.49996013939381
 30
2.500000176951289
 11
-1.924395095556974
 21
12.35098019242287
 31
2.500000176951289
  0
LINE
  5
97
330
104
100
AcDbEntity
  8
0
100
AcDbLine
 10
-2.309274394065142
 20
14.82117641717196
 30
2.500000176951289
 11
-3.333385102450848
 21
16.66998863220215
 31
2.500000176951289
  0
LINE
  5
98
330
104
100
AcDbEntity
  8
0
100
AcDbLine
 10
-5.212637595832348
 20
16.18111319839954
 30
2.500000176951289
 11
-7.023880258202553
 21
15.48112090677023
 31
2.500000176951289
  0
LINE
  5
99
330
104
100
AcDbEntity
  8
0
100
AcDbLine
 10
-7.321876473724842
 20
10.13114675879478
 30
2.500000176951289
 11
-8.816592395305634
 21
8.86102207005024
 31
2.500000176951289
  0
LINE
  5
9B
330
104
100
AcDbEntity
  8
0
100
AcDbLine
 10
-10.5799101293087
 20
10.63322648406029
 30
2.500000176951289
 11
-12.49513868242502
 21
11.52699068188667
 31
2.500000176951289
  0
LINE
  5
9C
330
104
100
AcDbEntity
  8
0
100
AcDbLine
 10
-13.72813247144222
 20
10.02688426524401
 30
2.500000176951289
 11
-14.7820133715868
 21
8.395956829190254
 31
2.500000176951289
  0
LINE
  5
9D
330
104
100
AcDbEntity
  8
0
100
AcDbLine
 10
-11.87846064567566
 20
3.892578650265932
 30
2.500000176951289
 11
-12.34115101397038
 21
1.98645400814712
 31
2.500000176951289
  0
LINE
  5
9F
330
104
100
AcDbEntity
  8
0
100
AcDbLine
 10
-14.80938121676445
 20
2.383744809776545
 30
2.500000176951289
 11
-16.88417419791222
 21
1.981072593480349
 31
2.500000176951289
  0
LINE
  5
A0
330
104
100
AcDbEntity
  8
0
100
AcDbLine
 10
-16.99994690716267
 20
0.042725820094347
 30
2.500000176951289
 11
-16.89392141997814
 21
-1.896178117021918
 31
2.500000176951289
  0
LINE
  5
A1
330
104
100
AcDbEntity
  8
0
100
AcDbLine
 10
-11.89787685871124
 20
-3.832821501418948
 30
2.500000176951289
 11
-11.15180924534798
 21
-5.646871402859688
 31
2.500000176951289
  0
LINE
  5
A3
330
104
100
AcDbEntity
  8
0
100
AcDbLine
 10
-13.38217128068209
 20
-6.776245776563883
 30
2.500000176951289
 11
-14.82403092086315
 21
-8.321547880768776
 31
2.500000176951289
  0
LINE
  5
A4
330
104
100
AcDbEntity
  8
0
100
AcDbLine
 10
-13.77835962921381
 20
-9.957751259207726
 30
2.500000176951289
 11
-12.55292259156704
 21
-11.46403700113297
 31
2.500000176951289
  0
LINE
  5
A5
330
104
100
AcDbEntity
  8
0
100
AcDbLine
 10
-7.37270899116993
 20
-10.09421423077583
 30
2.500000176951289
 11
-5.702855996787548
 21
-11.12328376621008
 31
2.500000176951289
  0
LINE
  5
A7
330
104
100
AcDbEntity
  8
0
100
AcDbLine
 10
-6.843427196145058
 20
-13.3479405194521
 30
2.500000176951289
 11
-7.101608440279961
 21
-15.44561982154846
 31
2.500000176951289
  0
LINE
  5
A8
330
104
100
AcDbEntity
  8
0
100
AcDbLine
 10
-5.293907597661018
 20
-16.1547064781189
 30
2.500000176951289
 11
-3.417135216295719
 21
-16.65302366018295
 31
2.500000176951289
  0
LINE
  5
A9
330
104
100
AcDbEntity
  8
0
100
AcDbLine
 10
-0.0314160715788603
 20
-12.49996013939381
 30
2.500000176951289
 11
1.924395095556974
 21
-12.35098019242287
 31
2.500000176951289
  0
LINE
  5
AB
330
104
100
AcDbEntity
  8
0
100
AcDbLine
 10
2.309274394065142
 20
-14.82117641717196
 30
2.500000176951289
 11
3.333385102450848
 21
-16.66998863220215
 31
2.500000176951289
  0
LINE
  5
AC
330
104
100
AcDbEntity
  8
0
100
AcDbLine
 10
5.212637595832348
 20
-16.18111319839954
 30
2.500000176951289
 11
7.023880258202553
 21
-15.48112090677023
 31
2.500000176951289
  0
LINE
  5
AD
330
104
100
AcDbEntity
  8
0
100
AcDbLine
 10
7.321876473724842
 20
-10.13114675879478
 30
2.500000176951289
 11
8.816592395305634
 21
-8.86102207005024
 31
2.500000176951289
  0
LINE
  5
AF
330
104
100
AcDbEntity
  8
0
100
AcDbLine
 10
10.5799101293087
 20
-10.63322648406029
 30
2.500000176951289
 11
12.49513868242502
 21
-11.52699068188667
 31
2.500000176951289
  0
LINE
  5
B0
330
104
100
AcDbEntity
  8
0
100
AcDbLine
 10
13.72813247144222
 20
-10.02688426524401
 30
2.500000176951289
 11
14.7820133715868
 21
-8.395956829190254
 31
2.500000176951289
  0
LINE
  5
B1
330
104
100
AcDbEntity
  8
0
100
AcDbLine
 10
11.87846064567566
 20
-3.892578650265932
 30
2.500000176951289
 11
12.34115101397038
 21
-1.98645400814712
 31
2.500000176951289
  0
LINE
  5
B2
330
104
100
AcDbEntity
  8
0
100
AcDbLine
 10
11.89787685871124
 20
3.832821501418948
 30
2.500000176951289
 11
12.35098019242287
 21
1.924395095556974
 31
2.500000176951289
  0
LINE
  5
B4
330
104
100
AcDbEntity
  8
0
100
AcDbLine
 10
14.80938121676445
 20
-2.383744809776545
 30
2.500000176951289
 11
16.88417419791222
 21
-1.981072593480349
 31
2.500000176951289
  0
LINE
  5
B5
330
104
100
AcDbEntity
  8
0
100
AcDbLine
 10
16.99994690716267
 20
-0.042725820094347
 30
2.500000176951289
 11
16.89392141997814
 21
1.896178117021918
 31
2.500000176951289
  0
LINE
  5
B6
330
104
100
AcDbEntity
  8
0
100
AcDbLine
 10
-1.387065276503563
 20
0.5745412781834602
 30
2.500000176951289
 11
-1.061613671481609
 21
1.061613671481609
 31
2.500000176951289
  0
LINE
  5
B7
330
104
100
AcDbEntity
  8
0
100
AcDbLine
 10
1.501348568126559
 20
0.0000000082603837
 30
2.500000176951289
 11
1.387065276503563
 21
-0.5745412781834602
 31
2.500000176951289
  0
LINE
  5
B8
330
104
100
AcDbEntity
  8
0
100
AcDbLine
 10
1.501348568126559
 20
0.0000000082603837
 30
2.500000176951289
 11
1.387065276503563
 21
0.5745412781834602
 31
2.500000176951289
  0
LINE
  5
BA
330
104
100
AcDbEntity
  8
0
100
AcDbLine
 10
11.15180924534798
 20
5.646871402859688
 30
2.500000176951289
 11
13.38217128068209
 21
6.776245776563883
 31
2.500000176951289
  0
LINE
  5
BE
330
104
100
AcDbEntity
  8
0
100
AcDbLine
 10
5.702855996787548
 20
11.12328376621008
 30
2.500000176951289
 11
6.843427196145058
 21
13.3479405194521
 31
2.500000176951289
  0
LINE
  5
C2
330
104
100
AcDbEntity
  8
0
100
AcDbLine
 10
-1.924395095556974
 20
12.35098019242287
 30
2.500000176951289
 11
-2.309274394065142
 21
14.82117641717196
 31
2.500000176951289
  0
LINE
  5
C6
330
104
100
AcDbEntity
  8
0
100
AcDbLine
 10
-8.816592395305634
 20
8.86102207005024
 30
2.500000176951289
 11
-10.5799101293087
 21
10.63322648406029
 31
2.500000176951289
  0
LINE
  5
CA
330
104
100
AcDbEntity
  8
0
100
AcDbLine
 10
-12.34115101397038
 20
1.98645400814712
 30
2.500000176951289
 11
-14.80938121676445
 21
2.383744809776545
 31
2.500000176951289
  0
LINE
  5
CE
330
104
100
AcDbEntity
  8
0
100
AcDbLine
 10
-11.15180924534798
 20
-5.646871402859688
 30
2.500000176951289
 11
-13.38217128068209
 21
-6.776245776563883
 31
2.500000176951289
  0
LINE
  5
D2
330
104
100
AcDbEntity
  8
0
100
AcDbLine
 10
-5.702855996787548
 20
-11.12328376621008
 30
2.500000176951289
 11
-6.843427196145058
 21
-13.3479405194521
 31
2.500000176951289
  0
LINE
  5
D6
330
104
100
AcDbEntity
  8
0
100
AcDbLine
 10
1.924395095556974
 20
-12.35098019242287
 30
2.500000176951289
 11
2.309274394065142
 21
-14.82117641717196
 31
2.500000176951289
  0
LINE
  5
DA
330
104
100
AcDbEntity
  8
0
100
AcDbLine
 10
8.816592395305634
 20
-8.86102207005024
 30
2.500000176951289
 11
10.5799101293087
 21
-10.63322648406029
 31
2.500000176951289
  0
LINE
  5
DE
330
104
100
AcDbEntity
  8
0
100
AcDbLine
 10
12.34115101397038
 20
-1.98645400814712
 30
2.500000176951289
 11
14.80938121676445
 21
-2.383744809776545
 31
2.500000176951289
  0
LINE
  5
E2
330
104
100
AcDbEntity
  8
0
100
AcDbLine
 10
-0.5745413363911211
 20
-1.387065276503563
 30
2.500000176951289
 11
-0.0000000161205181
 21
-1.501348568126559
 31
2.500000176951289
  0
LINE
  5
E3
330
104
100
AcDbEntity
  8
0
100
AcDbLine
 10
-0.5745413363911211
 20
-1.387065276503563
 30
2.500000176951289
 11
-1.061613671481609
 21
-1.061613671481609
 31
2.500000176951289
  0
LINE
  5
E5
330
104
100
AcDbEntity
  8
0
100
AcDbLine
 10
1.387065276503563
 20
-0.5745412781834602
 30
2.500000176951289
 11
1.061613671481609
 21
-1.061613671481609
 31
2.500000176951289
  0
VIEWPORT
  5
1B1
330
100
100
AcDbEntity
 67
     1
  8
0
100
AcDbViewport
 10
5.25
 20
4.0
 30
0.0
 40
11.638
 41
8.993
 68
     1
 69
     1
 12
5.25
 22
4.0
 13
0.0
 23
0.0
 14
0.5
 24
0.5
 15
0.5
 25
0.5
 16
0.0
 26
0.0
 36
1.0
 17
0.0
 27
0.0
 37
0.0
 42
50.0
 43
0.0
 44
0.0
 45
8.993
 50
0.0
 51
0.0
 72
   100
 90
   557152
  1

281
     0
 71
     1
 74
     0
110
0.0
120
0.0
130
0.0
111
1.0
121
0.0
131
0.0
112
0.0
122
1.0
132
0.0
 79
     0
146
0.0
170
     0
 61
     5
348
114
292
     1
282
     1
141
0.0
142
0.0
 63
   256
361
1B2
  0
ENDSEC
  0
SECTION
  2
OBJECTS
  0
DICTIONARY
  5
F2
330
0
100
AcDbDictionary
281
     1
  3
ACAD_DETAILVIEWSTYLE
350
1BB
  3
ACAD_GROUP
350
F3
  3
ACAD_IMAGE_VARS
350
17B
  3
ACAD_LAYOUT
350
FF
  3
ACAD_MATERIAL
350
128
  3
ACAD_MLEADERSTYLE
350
140
  3
ACAD_MLINESTYLE
350
FC
  3
ACAD_PLOTSETTINGS
350
FE
  3
ACAD_PLOTSTYLENAME
350
F4
  3
ACAD_SCALELIST
350
12C
  3
ACAD_SECTIONVIEWSTYLE
350
1BC
  3
ACAD_TABLESTYLE
350
13E
  3
ACAD_VISUALSTYLE
350
10F
  3
ACDB_RECOMPOSE_DATA
350
1B8
  3
AcDbVariableDictionary
350
1B4
  3
QCAD_OBJECTS
350
144
  0
SUN
  5
142
330
10E
100
AcDbSun
 90
        1
290
     0
 63
     7
421
 16777215
 40
1.0
291
     1
 91
  2455826
 92
 54000000
292
     0
 70
     2
 71
   256
280
     1
  0
SUN
  5
1B2
330
1B1
100
AcDbSun
 90
        1
290
     0
 63
     7
421
 16777215
 40
1.0
291
     1
 91
  2455826
 92
 54000000
292
     0
 70
     2
 71
   256
280
     1
  0
DICTIONARY
  5
1BB
102
{ACAD_REACTORS
330
F2
102
}
330
F2
100
AcDbDictionary
281
     1
  0
DICTIONARY
  5
F3
102
{ACAD_REACTORS
330
F2
102
}
330
F2
100
AcDbDictionary
281
     1
  0
RASTERVARIABLES
  5
17B
102
{ACAD_REACTORS
330
F2
102
}
330
F2
100
AcDbRasterVariables
 90
        0
 70
     1
 71
     1
 72
     0
  0
DICTIONARY
  5
FF
102
{ACAD_REACTORS
330
F2
102
}
330
F2
100
AcDbDictionary
281
     1
  3
Layout1
350
103
  3
Model
350
107
  0
DICTIONARY
  5
128
102
{ACAD_REACTORS
330
F2
102
}
330
F2
100
AcDbDictionary
281
     1
  3
ByBlock
350
12A
  3
ByLayer
350
129
  3
Global
350
12B
  0
DICTIONARY
  5
140
102
{ACAD_REACTORS
330
F2
102
}
330
F2
100
AcDbDictionary
281
     1
  3
Standard
350
141
  0
DICTIONARY
  5
FC
102
{ACAD_REACTORS
330
F2
102
}
330
F2
100
AcDbDictionary
281
     1
  3
Standard
350
FD
  0
DICTIONARY
  5
FE
102
{ACAD_REACTORS
330
F2
102
}
330
F2
100
AcDbDictionary
281
     1
  0
ACDBDICTIONARYWDFLT
  5
F4
102
{ACAD_REACTORS
330
F2
102
}
330
F2
100
AcDbDictionary
281
     1
  3
Normal
350
F5
100
AcDbDictionaryWithDefault
340
F5
  0
DICTIONARY
  5
12C
102
{ACAD_REACTORS
330
F2
102
}
330
F2
100
AcDbDictionary
281
     1
  3
A0
350
12D
  3
A1
350
12E
  3
A2
350
12F
  3
A3
350
130
  3
A4
350
131
  3
A5
350
132
  3
A6
350
133
  3
A7
350
134
  3
A8
350
135
  3
A9
350
136
  3
B1
350
137
  3
B2
350
138
  3
B3
350
139
  3
B4
350
13A
  3
B5
350
13B
  3
B6
350
13C
  3
B7
350
13D
  0
DICTIONARY
  5
1BC
102
{ACAD_REACTORS
330
F2
102
}
330
F2
100
AcDbDictionary
281
     1
  0
DICTIONARY
  5
13E
102
{ACAD_REACTORS
330
F2
102
}
330
F2
100
AcDbDictionary
281
     1
  3
Standard
350
13F
  0
DICTIONARY
  5
10F
102
{ACAD_REACTORS
330
F2
102
}
330
F2
100
AcDbDictionary
281
     1
  3
2dWireframe
350
114
  3
Basic
350
117
  3
Brighten
350
11B
  3
ColorChange
350
11F
  3
Conceptual
350
119
  3
Dim
350
11A
  3
EdgeColorOff
350
122
  3
Facepattern
350
11E
  3
Flat
350
110
  3
FlatWithEdges
350
111
  3
Gouraud
350
112
  3
GouraudWithEdges
350
113
  3
Hidden
350
116
  3
JitterOff
350
120
  3
Linepattern
350
11D
  3
OverhangOff
350
121
  3
Realistic
350
118
  3
Shaded
350
127
  3
Shaded with edges
350
126
  3
Shades of Gray
350
123
  3
Sketchy
350
124
  3
Thicken
350
11C
  3
Wireframe
350
115
  3
X-Ray
350
125
  0
XRECORD
  5
1B8
102
{ACAD_REACTORS
330
F2
102
}
330
F2
100
AcDbXrecord
280
     1
 90
        1
330
13F
  0
DICTIONARY
  5
1B4
102
{ACAD_REACTORS
330
F2
102
}
330
F2
100
AcDbDictionary
281
     1
  3
CANNOSCALE
350
1B5
  3
CMLEADERSTYLE
350
1BA
  3
CTABLESTYLE
350
1B9
  0
DICTIONARY
  5
144
102
{ACAD_REACTORS
330
F2
102
}
330
F2
100
AcDbDictionary
281
     1
  3
ColorSettings/BackgroundColor
350
146
  3
ColorSettings/ColorMode
350
147
  3
Grid/DisplayGrid00
350
148
  3
Grid/DisplayGrid01
350
149
  3
Grid/DisplayGrid02
350
14A
  3
Grid/DisplayGrid03
350
14B
  3
Grid/GridSpacingX00
350
14C
  3
Grid/GridSpacingX01
350
14D
  3
Grid/GridSpacingX02
350
14E
  3
Grid/GridSpacingX03
350
14F
  3
Grid/GridSpacingY00
350
150
  3
Grid/GridSpacingY01
350
151
  3
Grid/GridSpacingY02
350
152
  3
Grid/GridSpacingY03
350
153
  3
Grid/IsometricGrid00
350
154
  3
Grid/IsometricGrid01
350
155
  3
Grid/IsometricGrid02
350
156
  3
Grid/IsometricGrid03
350
157
  3
Grid/IsometricProjection00
350
158
  3
Grid/IsometricProjection01
350
159
  3
Grid/IsometricProjection02
350
15A
  3
Grid/IsometricProjection03
350
15B
  3
Grid/MetaGridSpacingX00
350
15C
  3
Grid/MetaGridSpacingX01
350
15D
  3
Grid/MetaGridSpacingX02
350
15E
  3
Grid/MetaGridSpacingX03
350
15F
  3
Grid/MetaGridSpacingY00
350
160
  3
Grid/MetaGridSpacingY01
350
161
  3
Grid/MetaGridSpacingY02
350
162
  3
Grid/MetaGridSpacingY03
350
163
  3
MultiPageSettings/Columns
350
164
  3
MultiPageSettings/GlueMarginsBottom
350
165
  3
MultiPageSettings/GlueMarginsLeft
350
166
  3
MultiPageSettings/GlueMarginsRight
350
167
  3
MultiPageSettings/GlueMarginsTop
350
168
  3
MultiPageSettings/PrintCropMarks
350
169
  3
MultiPageSettings/Rows
350
16A
  3
PageSettings/OffsetX
350
16B
  3
PageSettings/OffsetY
350
16C
  3
PageSettings/PageOrientation
350
16D
  3
PageSettings/PaperHeight
350
16E
  3
PageSettings/PaperWidth
350
16F
  3
PageSettings/Scale
350
170
  3
PageSettings/ShowPaperBorders
350
171
  3
PageTagSettings/EnablePageTags
350
172
  3
PageTagSettings/TagAlignment
350
173
  3
PageTagSettings/TagFont
350
174
  3
PageTagSettings/TagPosition
350
175
  3
QCADVersion
350
176
  3
UnitSettings/PaperUnit
350
177
  3
ViewportCenter
350
178
  3
ViewportHeight
350
179
  3
ViewportWidth
350
17A
  0
LAYOUT
  5
103
102
{ACAD_REACTORS
330
FF
102
}
330
FF
100
AcDbPlotSettings
  1

  2
none_device
  4
Letter_(8.50_x_11.00_Inches)
  6

 40
6.35
 41
6.35
 42
6.35001
 43
6.35001
 44
215.9
 45
279.4
 46
0.0
 47
0.0
 48
0.0
 49
0.0
140
0.0
141
0.0
142
1.0
143
1.0
 70
   688
 72
     0
 73
     1
 74
     5
  7

 75
    16
 76
     0
 77
     2
 78
   300
147
1.0
148
0.0
149
0.0
100
AcDbLayout
  1
Layout1
 70
     1
 71
     1
 10
-0.25
 20
-0.25
 11
10.75
 21
8.25
 12
0.0
 22
0.0
 32
0.0
 14
1.000000000000000E+20
 24
1.000000000000000E+20
 34
1.000000000000000E+20
 15
-1.000000000000000E+20
 25
-1.000000000000000E+20
 35
-1.000000000000000E+20
146
0.0
 13
0.0
 23
0.0
 33
0.0
 16
1.0
 26
0.0
 36
0.0
 17
0.0
 27
1.0
 37
0.0
 76
     0
330
100
331
1B1
  0
LAYOUT
  5
107
102
{ACAD_REACTORS
330
FF
102
}
330
FF
100
AcDbPlotSettings
  1

  2
none_device
  4
Letter_(8.50_x_11.00_Inches)
  6

 40
6.35
 41
6.35
 42
6.35000508
 43
6.35000508
 44
215.9
 45
279.4
 46
0.0
 47
0.0
 48
0.0
 49
0.0
140
0.0
141
0.0
142
1.0
143
1.0
 70
  1712
 72
     0
 73
     0
 74
     0
  7

 75
     0
 76
     0
 77
     2
 78
   300
147
1.0
148
0.0
149
0.0
100
AcDbLayout
  1
Model
 70
     1
 71
     0
 10
0.0
 20
0.0
 11
12.0
 21
9.0
 12
0.0
 22
0.0
 32
0.0
 14
-16.99994690716267
 24
-16.66998863220215
 34
2.500000176951289
 15
16.99994690716267
 25
16.66998863220215
 35
2.500000176951289
146
0.0
 13
0.0
 23
0.0
 33
0.0
 16
1.0
 26
0.0
 36
0.0
 17
0.0
 27
1.0
 37
0.0
 76
     0
330
104
331
10E
  0
MATERIAL
  5
12A
102
{ACAD_REACTORS
330
128
102
}
330
128
100
AcDbMaterial
  1
ByBlock
 72
     1
 94
      127
  0
MATERIAL
  5
129
102
{ACAD_REACTORS
330
128
102
}
330
128
100
AcDbMaterial
  1
ByLayer
 72
     1
 94
      127
  0
MATERIAL
  5
12B
102
{ACAD_REACTORS
330
128
102
}
330
128
100
AcDbMaterial
  1
Global
 72
     1
 94
      127
  0
MLEADERSTYLE
  5
141
102
{ACAD_REACTORS
330
140
102
}
330
140
100
AcDbMLeaderStyle
179
     2
170
     2
171
     1
172
     0
 90
        2
 40
0.0
 41
0.0
173
     1
 91
-1056964608
340
F9
 92
       -2
290
     1
 42
0.09
291
     1
 43
0.36
  3
Standard
341
0
 44
0.18
300

342
F7
174
     1
178
     6
175
     1
176
     0
 93
-1056964608
 45
0.18
292
     0
297
     0
 46
0.18
343
0
 94
-1056964608
 47
1.0
 49
1.0
140
1.0
293
     1
141
0.0
294
     1
177
     0
142
1.0
295
     0
296
     0
143
0.125
271
     0
272
     9
273
     9
298
     0
  0
MLINESTYLE
  5
FD
102
{ACAD_REACTORS
330
FC
102
}
330
FC
100
AcDbMlineStyle
  2
Standard
 70
     0
  3

 62
   256
 51
90.0
 52
90.0
 71
     2
 49
0.5
 62
   256
  6
BYLAYER
 49
-0.5
 62
   256
  6
BYLAYER
  0
ACDBPLACEHOLDER
  5
F5
102
{ACAD_REACTORS
330
F4
102
}
330
F4
  0
SCALE
  5
12D
102
{ACAD_REACTORS
330
12C
102
}
330
12C
100
AcDbScale
 70
     0
300
1:1
140
1.0
141
1.0
290
     1
  0
SCALE
  5
12E
102
{ACAD_REACTORS
330
12C
102
}
330
12C
100
AcDbScale
 70
     0
300
1/128" = 1'-0"
140
0.0078125
141
12.0
290
     0
  0
SCALE
  5
12F
102
{ACAD_REACTORS
330
12C
102
}
330
12C
100
AcDbScale
 70
     0
300
1/64" = 1'-0"
140
0.015625
141
12.0
290
     0
  0
SCALE
  5
130
102
{ACAD_REACTORS
330
12C
102
}
330
12C
100
AcDbScale
 70
     0
300
1/32" = 1'-0"
140
0.03125
141
12.0
290
     0
  0
SCALE
  5
131
102
{ACAD_REACTORS
330
12C
102
}
330
12C
100
AcDbScale
 70
     0
300
1/16" = 1'-0"
140
0.0625
141
12.0
290
     0
  0
SCALE
  5
132
102
{ACAD_REACTORS
330
12C
102
}
330
12C
100
AcDbScale
 70
     0
300
3/32" = 1'-0"
140
0.09375
141
12.0
290
     0
  0
SCALE
  5
133
102
{ACAD_REACTORS
330
12C
102
}
330
12C
100
AcDbScale
 70
     0
300
1/8" = 1'-0"
140
0.125
141
12.0
290
     0
  0
SCALE
  5
134
102
{ACAD_REACTORS
330
12C
102
}
330
12C
100
AcDbScale
 70
     0
300
3/16" = 1'-0"
140
0.1875
141
12.0
290
     0
  0
SCALE
  5
135
102
{ACAD_REACTORS
330
12C
102
}
330
12C
100
AcDbScale
 70
     0
300
1/4" = 1'-0"
140
0.25
141
12.0
290
     0
  0
SCALE
  5
136
102
{ACAD_REACTORS
330
12C
102
}
330
12C
100
AcDbScale
 70
     0
300
3/8" = 1'-0"
140
0.375
141
12.0
290
     0
  0
SCALE
  5
137
102
{ACAD_REACTORS
330
12C
102
}
330
12C
100
AcDbScale
 70
     0
300
1/2" = 1'-0"
140
0.5
141
12.0
290
     0
  0
SCALE
  5
138
102
{ACAD_REACTORS
330
12C
102
}
330
12C
100
AcDbScale
 70
     0
300
3/4" = 1'-0"
140
0.75
141
12.0
290
     0
  0
SCALE
  5
139
102
{ACAD_REACTORS
330
12C
102
}
330
12C
100
AcDbScale
 70
     0
300
1" = 1'-0"
140
1.0
141
12.0
290
     0
  0
SCALE
  5
13A
102
{ACAD_REACTORS
330
12C
102
}
330
12C
100
AcDbScale
 70
     0
300
1-1/2" = 1'-0"
140
1.5
141
12.0
290
     0
  0
SCALE
  5
13B
102
{ACAD_REACTORS
330
12C
102
}
330
12C
100
AcDbScale
 70
     0
300
3" = 1'-0"
140
3.0
141
12.0
290
     0
  0
SCALE
  5
13C
102
{ACAD_REACTORS
330
12C
102
}
330
12C
100
AcDbScale
 70
     0
300
6" = 1'-0"
140
6.0
141
12.0
290
     0
  0
SCALE
  5
13D
102
{ACAD_REACTORS
330
12C
102
}
330
12C
100
AcDbScale
 70
     0
300
1'-0" = 1'-0"
140
12.0
141
12.0
290
     0
  0
TABLESTYLE
  5
13F
102
{ACAD_REACTORS
330
13E
102
}
102
{ACAD_XDICTIONARY
360
1B6
102
}
330
13E
100
AcDbTableStyle
  3
Standard
 70
     0
 71
     0
 40
0.06
 41
0.06
280
     0
281
     0
  7
Standard
140
0.18
170
     2
 62
     0
 63
   257
283
     0
 90
        4
 91
        0
  1

274
    -2
284
     1
 64
     0
275
    -2
285
     1
 65
     0
276
    -2
286
     1
 66
     0
277
    -2
287
     1
 67
     0
278
    -2
288
     1
 68
     0
279
    -2
289
     1
 69
     0
  7
Standard
140
0.25
170
     5
 62
     0
 63
   257
283
     0
 90
        4
 91
        0
  1

274
    -2
284
     1
 64
     0
275
    -2
285
     1
 65
     0
276
    -2
286
     1
 66
     0
277
    -2
287
     1
 67
     0
278
    -2
288
     1
 68
     0
279
    -2
289
     1
 69
     0
  7
Standard
140
0.18
170
     5
 62
     0
 63
   257
283
     0
 90
        4
 91
        0
  1

274
    -2
284
     1
 64
     0
275
    -2
285
     1
 65
     0
276
    -2
286
     1
 66
     0
277
    -2
287
     1
 67
     0
278
    -2
288
     1
 68
     0
279
    -2
289
     1
 69
     0
  0
VISUALSTYLE
  5
114
102
{ACAD_REACTORS
330
10F
102
}
330
10F
100
AcDbVisualStyle
  2
2dWireframe
 70
     4
177
     3
291
     0
 70
    58
 90
        0
176
     1
 90
        2
176
     1
 90
        0
176
     1
 90
        0
176
     1
 40
0.6
176
     1
 40
30.0
176
     1
 62
     7
420
 16777215
176
     1
 90
        1
176
     1
 90
        4
176
     1
 62
     7
176
     1
 62
   257
176
     1
 90
        1
176
     1
 90
        1
176
     1
 40
1.0
176
     1
 90
        0
176
     1
 62
   257
176
     1
 40
1.0
176
     1
 90
        1
176
     1
 90
        6
176
     1
 90
        2
176
     1
 62
     7
176
     1
 90
        5
176
     1
 90
        0
176
     1
 90
        0
176
     1
290
     0
176
     1
 90
        1
176
     1
 40
0.0
176
     1
 90
        0
176
     1
290
     1
176
     1
290
     1
176
     1
290
     0
176
     1
290
     0
176
     1
290
     0
176
     1
290
     0
176
     1
290
     0
176
     1
290
     0
176
     1
290
     0
176
     1
 90
       50
176
     1
 40
0.0
176
     1
 40
1.0
176
     1
 90
        0
176
     1
 62
    18
420
        0
176
     1
 90
       50
176
     1
 90
        3
176
     1
 62
     5
420
      255
176
     1
290
     0
176
     1
 90
       50
176
     1
 90
       50
176
     1
 90
       50
176
     1
290
     0
176
     1
 90
       50
176
     1
 62
   256
176
     0
 40
1.0
176
     0
 90
        2
176
     1
  1
strokes_ogs.tif
176
     1
290
     0
176
     1
 40
1.0
176
     1
 40
1.0
176
     1
  0
VISUALSTYLE
  5
117
102
{ACAD_REACTORS
330
10F
102
}
330
10F
100
AcDbVisualStyle
  2
Basic
 70
     7
177
     3
291
     1
 70
    58
 90
        1
176
     1
 90
        0
176
     1
 90
        1
176
     1
 90
        0
176
     1
 40
0.6
176
     1
 40
30.0
176
     1
 62
     7
420
 16777215
176
     1
 90
        0
176
     1
 90
        4
176
     1
 62
     7
176
     1
 62
   257
176
     1
 90
        1
176
     1
 90
        1
176
     1
 40
1.0
176
     1
 90
        8
176
     1
 62
     7
176
     1
 40
1.0
176
     1
 90
        1
176
     1
 90
        6
176
     1
 90
        2
176
     1
 62
     7
176
     1
 90
        5
176
     1
 90
        0
176
     1
 90
        0
176
     1
290
     0
176
     1
 90
        1
176
     1
 40
0.0
176
     1
 90
        0
176
     1
290
     0
176
     1
290
     1
176
     1
290
     1
176
     1
290
     0
176
     1
290
     0
176
     1
290
     0
176
     1
290
     0
176
     1
290
     0
176
     1
290
     0
176
     1
 90
       50
176
     1
 40
0.0
176
     1
 40
1.0
176
     1
 90
        0
176
     1
 62
    18
420
        0
176
     1
 90
       50
176
     1
 90
        3
176
     1
 62
     5
420
      255
176
     1
290
     0
176
     1
 90
       50
176
     1
 90
       50
176
     1
 90
       50
176
     1
290
     0
176
     1
 90
       50
176
     1
 62
   256
176
     0
 40
1.0
176
     0
 90
        2
176
     1
  1
strokes_ogs.tif
176
     1
290
     0
176
     1
 40
1.0
176
     1
 40
1.0
176
     1
  0
VISUALSTYLE
  5
11B
102
{ACAD_REACTORS
330
10F
102
}
330
10F
100
AcDbVisualStyle
  2
Brighten
 70
    12
177
     3
291
     1
 70
    58
 90
        2
176
     1
 90
        2
176
     1
 90
        0
176
     1
 90
        0
176
     1
 40
0.6
176
     1
 40
30.0
176
     1
 62
     7
420
 16777215
176
     1
 90
        1
176
     1
 90
        4
176
     1
 62
     7
176
     1
 62
   257
176
     1
 90
        1
176
     1
 90
        1
176
     1
 40
1.0
176
     1
 90
        8
176
     1
 62
     7
176
     1
 40
1.0
176
     1
 90
        1
176
     1
 90
        6
176
     1
 90
        2
176
     1
 62
     7
176
     1
 90
        5
176
     1
 90
        0
176
     1
 90
        0
176
     1
290
     0
176
     1
 90
        1
176
     1
 40
50.0
176
     1
 90
        0
176
     1
290
     0
176
     1
290
     1
176
     1
290
     1
176
     1
290
     0
176
     1
290
     0
176
     1
290
     0
176
     1
290
     0
176
     1
290
     0
176
     1
290
     0
176
     1
 90
       50
176
     1
 40
0.0
176
     1
 40
1.0
176
     1
 90
        0
176
     1
 62
    18
420
        0
176
     1
 90
       50
176
     1
 90
        3
176
     1
 62
     5
420
      255
176
     1
290
     0
176
     1
 90
       50
176
     1
 90
       50
176
     1
 90
       50
176
     1
290
     0
176
     1
 90
       50
176
     1
 62
   256
176
     0
 40
1.0
176
     0
 90
        2
176
     1
  1
strokes_ogs.tif
176
     1
290
     0
176
     1
 40
1.0
176
     1
 40
1.0
176
     1
  0
VISUALSTYLE
  5
11F
102
{ACAD_REACTORS
330
10F
102
}
330
10F
100
AcDbVisualStyle
  2
ColorChange
 70
    16
177
     3
291
     1
 70
    58
 90
        2
176
     1
 90
        2
176
     1
 90
        3
176
     1
 90
        0
176
     1
 40
0.6
176
     1
 40
30.0
176
     1
 62
     8
420
  8421504
176
     1
 90
        1
176
     1
 90
        4
176
     1
 62
     7
176
     1
 62
   257
176
     1
 90
        1
176
     1
 90
        1
176
     1
 40
1.0
176
     1
 90
        8
176
     1
 62
     8
420
  8421504
176
     1
 40
1.0
176
     1
 90
        1
176
     1
 90
        6
176
     1
 90
        2
176
     1
 62
     7
176
     1
 90
        5
176
     1
 90
        0
176
     1
 90
        0
176
     1
290
     0
176
     1
 90
        1
176
     1
 40
0.0
176
     1
 90
        0
176
     1
290
     0
176
     1
290
     1
176
     1
290
     1
176
     1
290
     0
176
     1
290
     0
176
     1
290
     0
176
     1
290
     0
176
     1
290
     0
176
     1
290
     0
176
     1
 90
       50
176
     1
 40
0.0
176
     1
 40
1.0
176
     1
 90
        0
176
     1
 62
    18
420
        0
176
     1
 90
       50
176
     1
 90
        3
176
     1
 62
     5
420
      255
176
     1
290
     0
176
     1
 90
       50
176
     1
 90
       50
176
     1
 90
       50
176
     1
290
     0
176
     1
 90
       50
176
     1
 62
   256
176
     0
 40
1.0
176
     0
 90
        2
176
     1
  1
strokes_ogs.tif
176
     1
290
     0
176
     1
 40
1.0
176
     1
 40
1.0
176
     1
  0
VISUALSTYLE
  5
119
102
{ACAD_REACTORS
330
10F
102
}
330
10F
100
AcDbVisualStyle
  2
Conceptual
 70
     9
177
     3
291
     0
 70
    58
 90
        3
176
     1
 90
        2
176
     1
 90
        0
176
     1
 90
        0
176
     1
 40
0.6
176
     1
 40
30.0
176
     1
 62
     7
420
 16777215
176
     1
 90
        2
176
     1
 90
        2
176
     1
 62
     7
176
     1
 62
   257
176
     1
 90
        1
176
     1
 90
        1
176
     1
 40
179.0
176
     1
 90
        8
176
     1
 62
     7
176
     1
 40
1.0
176
     1
 90
        1
176
     1
 90
        6
176
     1
 90
        2
176
     1
 62
     7
176
     1
 90
        3
176
     1
 90
        0
176
     1
 90
        0
176
     1
290
     0
176
     1
 90
        1
176
     1
 40
0.0
176
     1
 90
        0
176
     1
290
     0
176
     1
290
     1
176
     1
290
     1
176
     1
290
     0
176
     1
290
     0
176
     1
290
     0
176
     1
290
     0
176
     1
290
     0
176
     1
290
     0
176
     1
 90
       50
176
     1
 40
0.0
176
     1
 40
1.0
176
     1
 90
        0
176
     1
 62
    18
420
        0
176
     1
 90
       50
176
     1
 90
        3
176
     1
 62
     5
420
      255
176
     1
290
     0
176
     1
 90
       50
176
     1
 90
       50
176
     1
 90
       50
176
     1
290
     0
176
     1
 90
       50
176
     1
 62
   256
176
     0
 40
1.0
176
     0
 90
        2
176
     1
  1
strokes_ogs.tif
176
     1
290
     0
176
     1
 40
1.0
176
     1
 40
1.0
176
     1
  0
VISUALSTYLE
  5
11A
102
{ACAD_REACTORS
330
10F
102
}
330
10F
100
AcDbVisualStyle
  2
Dim
 70
    11
177
     3
291
     1
 70
    58
 90
        2
176
     1
 90
        2
176
     1
 90
        0
176
     1
 90
        0
176
     1
 40
0.6
176
     1
 40
30.0
176
     1
 62
     7
420
 16777215
176
     1
 90
        1
176
     1
 90
        4
176
     1
 62
     7
176
     1
 62
   257
176
     1
 90
        1
176
     1
 90
        1
176
     1
 40
1.0
176
     1
 90
        8
176
     1
 62
     7
176
     1
 40
1.0
176
     1
 90
        1
176
     1
 90
        6
176
     1
 90
        2
176
     1
 62
     7
176
     1
 90
        5
176
     1
 90
        0
176
     1
 90
        0
176
     1
290
     0
176
     1
 90
        1
176
     1
 40
-50.0
176
     1
 90
        0
176
     1
290
     0
176
     1
290
     1
176
     1
290
     1
176
     1
290
     0
176
     1
290
     0
176
     1
290
     0
176
     1
290
     0
176
     1
290
     0
176
     1
290
     0
176
     1
 90
       50
176
     1
 40
0.0
176
     1
 40
1.0
176
     1
 90
        0
176
     1
 62
    18
420
        0
176
     1
 90
       50
176
     1
 90
        3
176
     1
 62
     5
420
      255
176
     1
290
     0
176
     1
 90
       50
176
     1
 90
       50
176
     1
 90
       50
176
     1
290
     0
176
     1
 90
       50
176
     1
 62
   256
176
     0
 40
1.0
176
     0
 90
        2
176
     1
  1
strokes_ogs.tif
176
     1
290
     0
176
     1
 40
1.0
176
     1
 40
1.0
176
     1
  0
VISUALSTYLE
  5
122
102
{ACAD_REACTORS
330
10F
102
}
330
10F
100
AcDbVisualStyle
  2
EdgeColorOff
 70
    22
177
     3
291
     1
 70
    58
 90
        2
176
     0
 90
        2
176
     0
 90
        0
176
     0
 90
        0
176
     0
 40
0.6
176
     0
 40
30.0
176
     0
 62
     7
420
 16777215
176
     0
 90
        1
176
     0
 90
        4
176
     0
 62
     7
176
     0
 62
   257
176
     0
 90
        1
176
     0
 90
        1
176
     0
 40
1.0
176
     0
 90
        8
176
     2
 62
     7
176
     0
 40
1.0
176
     0
 90
        1
176
     0
 90
        6
176
     0
 90
        2
176
     0
 62
     7
176
     0
 90
        5
176
     0
 90
        0
176
     0
 90
        0
176
     0
290
     0
176
     0
 90
        1
176
     0
 40
0.0
176
     0
 90
        0
176
     0
290
     0
176
     0
290
     1
176
     0
290
     1
176
     0
290
     0
176
     0
290
     0
176
     0
290
     0
176
     0
290
     0
176
     0
290
     0
176
     0
290
     0
176
     0
 90
       50
176
     0
 40
0.0
176
     0
 40
1.0
176
     0
 90
        0
176
     0
 62
    18
420
        0
176
     0
 90
       50
176
     0
 90
        3
176
     0
 62
     5
420
      255
176
     0
290
     0
176
     0
 90
       50
176
     0
 90
       50
176
     0
 90
       50
176
     0
290
     0
176
     0
 90
       50
176
     0
 62
   256
176
     0
 40
1.0
176
     0
 90
        2
176
     0
  1
strokes_ogs.tif
176
     0
290
     0
176
     0
 40
1.0
176
     0
 40
1.0
176
     0
  0
VISUALSTYLE
  5
11E
102
{ACAD_REACTORS
330
10F
102
}
330
10F
100
AcDbVisualStyle
  2
Facepattern
 70
    15
177
     3
291
     1
 70
    58
 90
        2
176
     1
 90
        2
176
     1
 90
        0
176
     1
 90
        0
176
     1
 40
0.6
176
     1
 40
30.0
176
     1
 62
     7
420
 16777215
176
     1
 90
        1
176
     1
 90
        4
176
     1
 62
     7
176
     1
 62
   257
176
     1
 90
        1
176
     1
 90
        1
176
     1
 40
1.0
176
     1
 90
        8
176
     1
 62
     7
176
     1
 40
1.0
176
     1
 90
        1
176
     1
 90
        6
176
     1
 90
        2
176
     1
 62
     7
176
     1
 90
        5
176
     1
 90
        0
176
     1
 90
        0
176
     1
290
     0
176
     1
 90
        1
176
     1
 40
0.0
176
     1
 90
        0
176
     1
290
     0
176
     1
290
     1
176
     1
290
     1
176
     1
290
     0
176
     1
290
     0
176
     1
290
     0
176
     1
290
     0
176
     1
290
     0
176
     1
290
     0
176
     1
 90
       50
176
     1
 40
0.0
176
     1
 40
1.0
176
     1
 90
        0
176
     1
 62
    18
420
        0
176
     1
 90
       50
176
     1
 90
        3
176
     1
 62
     5
420
      255
176
     1
290
     0
176
     1
 90
       50
176
     1
 90
       50
176
     1
 90
       50
176
     1
290
     0
176
     1
 90
       50
176
     1
 62
   256
176
     0
 40
1.0
176
     0
 90
        2
176
     1
  1
strokes_ogs.tif
176
     1
290
     0
176
     1
 40
1.0
176
     1
 40
1.0
176
     1
  0
VISUALSTYLE
  5
110
102
{ACAD_REACTORS
330
10F
102
}
330
10F
100
AcDbVisualStyle
  2
Flat
 70
     0
177
     3
291
     1
 70
    58
 90
        2
176
     1
 90
        1
176
     1
 90
        1
176
     1
 90
        2
176
     1
 40
0.6
176
     1
 40
30.0
176
     1
 62
     7
420
 16777215
176
     1
 90
        0
176
     1
 90
        0
176
     1
 62
     7
176
     1
 62
   257
176
     1
 90
        1
176
     1
 90
        1
176
     1
 40
1.0
176
     1
 90
        8
176
     1
 62
     7
176
     1
 40
1.0
176
     1
 90
        1
176
     1
 90
        6
176
     1
 90
        2
176
     1
 62
     7
176
     1
 90
        5
176
     1
 90
        0
176
     1
 90
        0
176
     1
290
     0
176
     1
 90
       13
176
     1
 40
0.0
176
     1
 90
        0
176
     1
290
     0
176
     1
290
     1
176
     1
290
     1
176
     1
290
     0
176
     1
290
     0
176
     1
290
     0
176
     1
290
     0
176
     1
290
     0
176
     1
290
     0
176
     1
 90
       50
176
     1
 40
0.0
176
     1
 40
1.0
176
     1
 90
        0
176
     1
 62
    18
420
        0
176
     1
 90
       50
176
     1
 90
        3
176
     1
 62
     5
420
      255
176
     1
290
     0
176
     1
 90
       50
176
     1
 90
       50
176
     1
 90
       50
176
     1
290
     0
176
     1
 90
       50
176
     1
 62
   256
176
     0
 40
1.0
176
     0
 90
        2
176
     1
  1
strokes_ogs.tif
176
     1
290
     0
176
     1
 40
1.0
176
     1
 40
1.0
176
     1
  0
VISUALSTYLE
  5
111
102
{ACAD_REACTORS
330
10F
102
}
330
10F
100
AcDbVisualStyle
  2
FlatWithEdges
 70
     1
177
     3
291
     1
 70
    58
 90
        2
176
     1
 90
        1
176
     1
 90
        1
176
     1
 90
        2
176
     1
 40
0.6
176
     1
 40
30.0
176
     1
 62
     7
420
 16777215
176
     1
 90
        1
176
     1
 90
        0
176
     1
 62
     7
176
     1
 62
   257
176
     1
 90
        1
176
     1
 90
        1
176
     1
 40
1.0
176
     1
 90
        0
176
     1
 62
   257
176
     1
 40
1.0
176
     1
 90
        1
176
     1
 90
        6
176
     1
 90
        2
176
     1
 62
     7
176
     1
 90
        5
176
     1
 90
        0
176
     1
 90
        0
176
     1
290
     0
176
     1
 90
       13
176
     1
 40
0.0
176
     1
 90
        0
176
     1
290
     0
176
     1
290
     1
176
     1
290
     1
176
     1
290
     0
176
     1
290
     0
176
     1
290
     0
176
     1
290
     0
176
     1
290
     0
176
     1
290
     0
176
     1
 90
       50
176
     1
 40
0.0
176
     1
 40
1.0
176
     1
 90
        0
176
     1
 62
    18
420
        0
176
     1
 90
       50
176
     1
 90
        3
176
     1
 62
     5
420
      255
176
     1
290
     0
176
     1
 90
       50
176
     1
 90
       50
176
     1
 90
       50
176
     1
290
     0
176
     1
 90
       50
176
     1
 62
   256
176
     0
 40
1.0
176
     0
 90
        2
176
     1
  1
strokes_ogs.tif
176
     1
290
     0
176
     1
 40
1.0
176
     1
 40
1.0
176
     1
  0
VISUALSTYLE
  5
112
102
{ACAD_REACTORS
330
10F
102
}
330
10F
100
AcDbVisualStyle
  2
Gouraud
 70
     2
177
     3
291
     1
 70
    58
 90
        2
176
     1
 90
        2
176
     1
 90
        1
176
     1
 90
        2
176
     1
 40
0.6
176
     1
 40
30.0
176
     1
 62
     7
420
 16777215
176
     1
 90
        0
176
     1
 90
        0
176
     1
 62
     7
176
     1
 62
   257
176
     1
 90
        1
176
     1
 90
        1
176
     1
 40
1.0
176
     1
 90
        0
176
     1
 62
     7
176
     1
 40
1.0
176
     1
 90
        1
176
     1
 90
        6
176
     1
 90
        2
176
     1
 62
     7
176
     1
 90
        5
176
     1
 90
        0
176
     1
 90
        0
176
     1
290
     0
176
     1
 90
       13
176
     1
 40
0.0
176
     1
 90
        0
176
     1
290
     0
176
     1
290
     1
176
     1
290
     1
176
     1
290
     0
176
     1
290
     0
176
     1
290
     0
176
     1
290
     0
176
     1
290
     0
176
     1
290
     0
176
     1
 90
       50
176
     1
 40
0.0
176
     1
 40
1.0
176
     1
 90
        0
176
     1
 62
    18
420
        0
176
     1
 90
       50
176
     1
 90
        3
176
     1
 62
     5
420
      255
176
     1
290
     0
176
     1
 90
       50
176
     1
 90
       50
176
     1
 90
       50
176
     1
290
     0
176
     1
 90
       50
176
     1
 62
   256
176
     0
 40
1.0
176
     0
 90
        2
176
     1
  1
strokes_ogs.tif
176
     1
290
     0
176
     1
 40
1.0
176
     1
 40
1.0
176
     1
  0
VISUALSTYLE
  5
113
102
{ACAD_REACTORS
330
10F
102
}
330
10F
100
AcDbVisualStyle
  2
GouraudWithEdges
 70
     3
177
     3
291
     1
 70
    58
 90
        2
176
     1
 90
        2
176
     1
 90
        1
176
     1
 90
        2
176
     1
 40
0.6
176
     1
 40
30.0
176
     1
 62
     7
420
 16777215
176
     1
 90
        1
176
     1
 90
        0
176
     1
 62
     7
176
     1
 62
   257
176
     1
 90
        1
176
     1
 90
        1
176
     1
 40
1.0
176
     1
 90
        0
176
     1
 62
   257
176
     1
 40
1.0
176
     1
 90
        1
176
     1
 90
        6
176
     1
 90
        2
176
     1
 62
     7
176
     1
 90
        5
176
     1
 90
        0
176
     1
 90
        0
176
     1
290
     0
176
     1
 90
       13
176
     1
 40
0.0
176
     1
 90
        0
176
     1
290
     0
176
     1
290
     1
176
     1
290
     1
176
     1
290
     0
176
     1
290
     0
176
     1
290
     0
176
     1
290
     0
176
     1
290
     0
176
     1
290
     0
176
     1
 90
       50
176
     1
 40
0.0
176
     1
 40
1.0
176
     1
 90
        0
176
     1
 62
    18
420
        0
176
     1
 90
       50
176
     1
 90
        3
176
     1
 62
     5
420
      255
176
     1
290
     0
176
     1
 90
       50
176
     1
 90
       50
176
     1
 90
       50
176
     1
290
     0
176
     1
 90
       50
176
     1
 62
   256
176
     0
 40
1.0
176
     0
 90
        2
176
     1
  1
strokes_ogs.tif
176
     1
290
     0
176
     1
 40
1.0
176
     1
 40
1.0
176
     1
  0
VISUALSTYLE
  5
116
102
{ACAD_REACTORS
330
10F
102
}
330
10F
100
AcDbVisualStyle
  2
Hidden
 70
     6
177
     3
291
     0
 70
    58
 90
        1
176
     1
 90
        2
176
     1
 90
        2
176
     1
 90
        0
176
     1
 40
0.6
176
     1
 40
30.0
176
     1
 62
     7
420
 16777215
176
     1
 90
        2
176
     1
 90
        2
176
     1
 62
     7
176
     1
 62
   257
176
     1
 90
        2
176
     1
 90
        1
176
     1
 40
40.0
176
     1
 90
        0
176
     1
 62
   257
176
     1
 40
1.0
176
     1
 90
        1
176
     1
 90
        6
176
     1
 90
        2
176
     1
 62
     7
176
     1
 90
        3
176
     1
 90
        0
176
     1
 90
        0
176
     1
290
     0
176
     1
 90
        1
176
     1
 40
0.0
176
     1
 90
        0
176
     1
290
     0
176
     1
290
     1
176
     1
290
     1
176
     1
290
     0
176
     1
290
     0
176
     1
290
     0
176
     1
290
     0
176
     1
290
     0
176
     1
290
     0
176
     1
 90
       50
176
     1
 40
0.0
176
     1
 40
1.0
176
     1
 90
        0
176
     1
 62
    18
420
        0
176
     1
 90
       50
176
     1
 90
        3
176
     1
 62
     5
420
      255
176
     1
290
     0
176
     1
 90
       50
176
     1
 90
       50
176
     1
 90
       50
176
     1
290
     0
176
     1
 90
       50
176
     1
 62
   256
176
     0
 40
1.0
176
     0
 90
        2
176
     1
  1
strokes_ogs.tif
176
     1
290
     0
176
     1
 40
1.0
176
     1
 40
1.0
176
     1
  0
VISUALSTYLE
  5
120
102
{ACAD_REACTORS
330
10F
102
}
330
10F
100
AcDbVisualStyle
  2
JitterOff
 70
    20
177
     3
291
     1
 70
    58
 90
        2
176
     0
 90
        2
176
     0
 90
        0
176
     0
 90
        0
176
     0
 40
0.6
176
     0
 40
30.0
176
     0
 62
     7
420
 16777215
176
     0
 90
        1
176
     0
 90
        4
176
     0
 62
     7
176
     0
 62
   257
176
     0
 90
        1
176
     0
 90
        1
176
     0
 40
1.0
176
     0
 90
       10
176
     2
 62
     7
176
     0
 40
1.0
176
     0
 90
        1
176
     0
 90
        6
176
     0
 90
        2
176
     0
 62
     7
176
     0
 90
        5
176
     0
 90
        0
176
     0
 90
        0
176
     0
290
     0
176
     0
 90
        1
176
     0
 40
0.0
176
     0
 90
        0
176
     0
290
     0
176
     0
290
     1
176
     0
290
     1
176
     0
290
     0
176
     0
290
     0
176
     0
290
     0
176
     0
290
     0
176
     0
290
     0
176
     0
290
     0
176
     0
 90
       50
176
     0
 40
0.0
176
     0
 40
1.0
176
     0
 90
        0
176
     0
 62
    18
420
        0
176
     0
 90
       50
176
     0
 90
        3
176
     0
 62
     5
420
      255
176
     0
290
     0
176
     0
 90
       50
176
     0
 90
       50
176
     0
 90
       50
176
     0
290
     0
176
     0
 90
       50
176
     0
 62
   256
176
     0
 40
1.0
176
     0
 90
        2
176
     0
  1
strokes_ogs.tif
176
     0
290
     0
176
     0
 40
1.0
176
     0
 40
1.0
176
     0
  0
VISUALSTYLE
  5
11D
102
{ACAD_REACTORS
330
10F
102
}
330
10F
100
AcDbVisualStyle
  2
Linepattern
 70
    14
177
     3
291
     1
 70
    58
 90
        2
176
     1
 90
        2
176
     1
 90
        0
176
     1
 90
        0
176
     1
 40
0.6
176
     1
 40
30.0
176
     1
 62
     7
420
 16777215
176
     1
 90
        1
176
     1
 90
        4
176
     1
 62
     7
176
     1
 62
   257
176
     1
 90
        7
176
     1
 90
        7
176
     1
 40
1.0
176
     1
 90
        8
176
     1
 62
     7
176
     1
 40
1.0
176
     1
 90
        1
176
     1
 90
        6
176
     1
 90
        2
176
     1
 62
     7
176
     1
 90
        5
176
     1
 90
        0
176
     1
 90
        0
176
     1
290
     0
176
     1
 90
        1
176
     1
 40
0.0
176
     1
 90
        0
176
     1
290
     0
176
     1
290
     1
176
     1
290
     1
176
     1
290
     0
176
     1
290
     0
176
     1
290
     0
176
     1
290
     0
176
     1
290
     0
176
     1
290
     0
176
     1
 90
       50
176
     1
 40
0.0
176
     1
 40
1.0
176
     1
 90
        0
176
     1
 62
    18
420
        0
176
     1
 90
       50
176
     1
 90
        3
176
     1
 62
     5
420
      255
176
     1
290
     0
176
     1
 90
       50
176
     1
 90
       50
176
     1
 90
       50
176
     1
290
     0
176
     1
 90
       50
176
     1
 62
   256
176
     0
 40
1.0
176
     0
 90
        2
176
     1
  1
strokes_ogs.tif
176
     1
290
     0
176
     1
 40
1.0
176
     1
 40
1.0
176
     1
  0
VISUALSTYLE
  5
121
102
{ACAD_REACTORS
330
10F
102
}
330
10F
100
AcDbVisualStyle
  2
OverhangOff
 70
    21
177
     3
291
     1
 70
    58
 90
        2
176
     0
 90
        2
176
     0
 90
        0
176
     0
 90
        0
176
     0
 40
0.6
176
     0
 40
30.0
176
     0
 62
     7
420
 16777215
176
     0
 90
        1
176
     0
 90
        4
176
     0
 62
     7
176
     0
 62
   257
176
     0
 90
        1
176
     0
 90
        1
176
     0
 40
1.0
176
     0
 90
        9
176
     2
 62
     7
176
     0
 40
1.0
176
     0
 90
        1
176
     0
 90
        6
176
     0
 90
        2
176
     0
 62
     7
176
     0
 90
        5
176
     0
 90
        0
176
     0
 90
        0
176
     0
290
     0
176
     0
 90
        1
176
     0
 40
0.0
176
     0
 90
        0
176
     0
290
     0
176
     0
290
     1
176
     0
290
     1
176
     0
290
     0
176
     0
290
     0
176
     0
290
     0
176
     0
290
     0
176
     0
290
     0
176
     0
290
     0
176
     0
 90
       50
176
     0
 40
0.0
176
     0
 40
1.0
176
     0
 90
        0
176
     0
 62
    18
420
        0
176
     0
 90
       50
176
     0
 90
        3
176
     0
 62
     5
420
      255
176
     0
290
     0
176
     0
 90
       50
176
     0
 90
       50
176
     0
 90
       50
176
     0
290
     0
176
     0
 90
       50
176
     0
 62
   256
176
     0
 40
1.0
176
     0
 90
        2
176
     0
  1
strokes_ogs.tif
176
     0
290
     0
176
     0
 40
1.0
176
     0
 40
1.0
176
     0
  0
VISUALSTYLE
  5
118
102
{ACAD_REACTORS
330
10F
102
}
330
10F
100
AcDbVisualStyle
  2
Realistic
 70
     8
177
     3
291
     0
 70
    58
 90
        2
176
     1
 90
        3
176
     1
 90
        0
176
     1
 90
        2
176
     1
 40
0.6
176
     1
 40
30.0
176
     1
 62
     7
420
 16777215
176
     1
 90
        0
176
     1
 90
        0
176
     1
 62
     7
176
     1
 62
   257
176
     1
 90
        1
176
     1
 90
        1
176
     1
 40
1.0
176
     1
 90
        8
176
     1
 62
   257
176
     1
 40
1.0
176
     1
 90
        1
176
     1
 90
        6
176
     1
 90
        2
176
     1
 62
     7
176
     1
 90
        3
176
     1
 90
        0
176
     1
 90
        0
176
     1
290
     0
176
     1
 90
       13
176
     1
 40
0.0
176
     1
 90
        0
176
     1
290
     0
176
     1
290
     1
176
     1
290
     1
176
     1
290
     0
176
     1
290
     0
176
     1
290
     0
176
     1
290
     0
176
     1
290
     0
176
     1
290
     0
176
     1
 90
       50
176
     1
 40
0.0
176
     1
 40
1.0
176
     1
 90
        0
176
     1
 62
    18
420
        0
176
     1
 90
       50
176
     1
 90
        3
176
     1
 62
     5
420
      255
176
     1
290
     0
176
     1
 90
       50
176
     1
 90
       50
176
     1
 90
       50
176
     1
290
     0
176
     1
 90
       50
176
     1
 62
   256
176
     0
 40
1.0
176
     0
 90
        2
176
     1
  1
strokes_ogs.tif
176
     1
290
     0
176
     1
 40
1.0
176
     1
 40
1.0
176
     1
  0
VISUALSTYLE
  5
127
102
{ACAD_REACTORS
330
10F
102
}
330
10F
100
AcDbVisualStyle
  2
Shaded
 70
    27
177
     3
291
     0
 70
    58
 90
        2
176
     1
 90
        2
176
     1
 90
        1
176
     1
 90
        2
176
     1
 40
0.6
176
     1
 40
30.0
176
     1
 62
     7
420
 16777215
176
     1
 90
        0
176
     1
 90
        4
176
     1
 62
     7
176
     1
 62
   257
176
     1
 90
        1
176
     1
 90
        1
176
     1
 40
1.0
176
     1
 90
        8
176
     1
 62
   257
176
     1
 40
1.0
176
     1
 90
        1
176
     1
 90
        6
176
     1
 90
        2
176
     1
 62
     8
420
  7895160
176
     1
 90
        3
176
     1
 90
        0
176
     1
 90
        0
176
     1
290
     0
176
     1
 90
        5
176
     1
 40
0.0
176
     1
 90
        0
176
     1
290
     0
176
     1
290
     1
176
     1
290
     1
176
     1
290
     0
176
     1
290
     0
176
     1
290
     0
176
     1
290
     0
176
     1
290
     0
176
     1
290
     0
176
     1
 90
       50
176
     1
 40
0.0
176
     1
 40
1.0
176
     1
 90
        0
176
     1
 62
    18
420
        0
176
     1
 90
       50
176
     1
 90
        3
176
     1
 62
     5
420
      255
176
     1
290
     0
176
     1
 90
       50
176
     1
 90
       50
176
     1
 90
       50
176
     1
290
     0
176
     1
 90
       50
176
     1
 62
   256
176
     0
 40
1.0
176
     0
 90
        2
176
     1
  1
strokes_ogs.tif
176
     1
290
     0
176
     1
 40
1.0
176
     1
 40
1.0
176
     1
  0
VISUALSTYLE
  5
126
102
{ACAD_REACTORS
330
10F
102
}
330
10F
100
AcDbVisualStyle
  2
Shaded with edges
 70
    26
177
     3
291
     0
 70
    58
 90
        2
176
     1
 90
        2
176
     1
 90
        1
176
     1
 90
        2
176
     1
 40
0.6
176
     1
 40
30.0
176
     1
 62
     7
420
 16777215
176
     1
 90
        1
176
     1
 90
       10
176
     1
 62
     7
176
     1
 62
   257
176
     1
 90
        2
176
     1
 90
        1
176
     1
 40
1.0
176
     1
 90
        8
176
     1
 62
   257
176
     1
 40
1.0
176
     1
 90
        1
176
     1
 90
        6
176
     1
 90
        2
176
     1
 62
     7
176
     1
 90
        3
176
     1
 90
        0
176
     1
 90
        0
176
     1
290
     0
176
     1
 90
        5
176
     1
 40
0.0
176
     1
 90
        0
176
     1
290
     0
176
     1
290
     1
176
     1
290
     1
176
     1
290
     0
176
     1
290
     0
176
     1
290
     0
176
     1
290
     0
176
     1
290
     0
176
     1
290
     0
176
     1
 90
       50
176
     1
 40
0.0
176
     1
 40
1.0
176
     1
 90
        0
176
     1
 62
    18
420
        0
176
     1
 90
       50
176
     1
 90
        3
176
     1
 62
     5
420
      255
176
     1
290
     0
176
     1
 90
       50
176
     1
 90
       50
176
     1
 90
       50
176
     1
290
     0
176
     1
 90
       50
176
     1
 62
   256
176
     0
 40
1.0
176
     0
 90
        2
176
     1
  1
strokes_ogs.tif
176
     1
290
     0
176
     1
 40
1.0
176
     1
 40
1.0
176
     1
  0
VISUALSTYLE
  5
123
102
{ACAD_REACTORS
330
10F
102
}
330
10F
100
AcDbVisualStyle
  2
Shades of Gray
 70
    23
177
     3
291
     0
 70
    58
 90
        2
176
     1
 90
        2
176
     1
 90
        3
176
     1
 90
        0
176
     1
 40
0.6
176
     1
 40
30.0
176
     1
 62
     7
420
 16777215
176
     1
 90
        2
176
     1
 90
        2
176
     1
 62
     7
176
     1
 62
     7
176
     1
 90
        1
176
     1
 90
        1
176
     1
 40
40.0
176
     1
 90
        8
176
     1
 62
     7
176
     1
 40
1.0
176
     1
 90
        1
176
     1
 90
        6
176
     1
 90
        2
176
     1
 62
     7
176
     1
 90
        3
176
     1
 90
        0
176
     1
 90
        0
176
     1
290
     0
176
     1
 90
        1
176
     1
 40
0.0
176
     1
 90
        0
176
     1
290
     0
176
     1
290
     1
176
     1
290
     1
176
     1
290
     0
176
     1
290
     0
176
     1
290
     0
176
     1
290
     0
176
     1
290
     0
176
     1
290
     0
176
     1
 90
       50
176
     1
 40
0.0
176
     1
 40
1.0
176
     1
 90
        0
176
     1
 62
    18
420
        0
176
     1
 90
       50
176
     1
 90
        3
176
     1
 62
     5
420
      255
176
     1
290
     0
176
     1
 90
       50
176
     1
 90
       50
176
     1
 90
       50
176
     1
290
     0
176
     1
 90
       50
176
     1
 62
   256
176
     0
 40
1.0
176
     0
 90
        2
176
     1
  1
strokes_ogs.tif
176
     1
290
     0
176
     1
 40
1.0
176
     1
 40
1.0
176
     1
  0
VISUALSTYLE
  5
124
102
{ACAD_REACTORS
330
10F
102
}
330
10F
100
AcDbVisualStyle
  2
Sketchy
 70
    24
177
     3
291
     0
 70
    58
 90
        1
176
     1
 90
        2
176
     1
 90
        2
176
     1
 90
        0
176
     1
 40
0.6
176
     1
 40
30.0
176
     1
 62
     7
420
 16777215
176
     1
 90
        2
176
     1
 90
        2
176
     1
 62
     7
176
     1
 62
     7
176
     1
 90
        1
176
     1
 90
        1
176
     1
 40
40.0
176
     1
 90
       11
176
     1
 62
     7
176
     1
 40
1.0
176
     1
 90
        1
176
     1
 90
        6
176
     1
 90
        2
176
     1
 62
     7
176
     1
 90
        6
176
     1
 90
        0
176
     1
 90
        0
176
     1
290
     0
176
     1
 90
        1
176
     1
 40
0.0
176
     1
 90
        0
176
     1
290
     0
176
     1
290
     1
176
     1
290
     1
176
     1
290
     0
176
     1
290
     0
176
     1
290
     0
176
     1
290
     0
176
     1
290
     0
176
     1
290
     0
176
     1
 90
       50
176
     1
 40
0.0
176
     1
 40
1.0
176
     1
 90
        0
176
     1
 62
    18
420
        0
176
     1
 90
       50
176
     1
 90
        3
176
     1
 62
     5
420
      255
176
     1
290
     0
176
     1
 90
       50
176
     1
 90
       50
176
     1
 90
       50
176
     1
290
     0
176
     1
 90
       50
176
     1
 62
   256
176
     0
 40
1.0
176
     0
 90
        2
176
     1
  1
strokes_ogs.tif
176
     1
290
     0
176
     1
 40
1.0
176
     1
 40
1.0
176
     1
  0
VISUALSTYLE
  5
11C
102
{ACAD_REACTORS
330
10F
102
}
330
10F
100
AcDbVisualStyle
  2
Thicken
 70
    13
177
     3
291
     1
 70
    58
 90
        2
176
     1
 90
        2
176
     1
 90
        0
176
     1
 90
        0
176
     1
 40
0.6
176
     1
 40
30.0
176
     1
 62
     7
420
 16777215
176
     1
 90
        1
176
     1
 90
        4
176
     1
 62
     7
176
     1
 62
   257
176
     1
 90
        1
176
     1
 90
        1
176
     1
 40
1.0
176
     1
 90
       12
176
     1
 62
     7
176
     1
 40
1.0
176
     1
 90
        1
176
     1
 90
        6
176
     1
 90
        2
176
     1
 62
     7
176
     1
 90
        5
176
     1
 90
        0
176
     1
 90
        0
176
     1
290
     0
176
     1
 90
        1
176
     1
 40
0.0
176
     1
 90
        0
176
     1
290
     0
176
     1
290
     1
176
     1
290
     1
176
     1
290
     0
176
     1
290
     0
176
     1
290
     0
176
     1
290
     0
176
     1
290
     0
176
     1
290
     0
176
     1
 90
       50
176
     1
 40
0.0
176
     1
 40
1.0
176
     1
 90
        0
176
     1
 62
    18
420
        0
176
     1
 90
       50
176
     1
 90
        3
176
     1
 62
     5
420
      255
176
     1
290
     0
176
     1
 90
       50
176
     1
 90
       50
176
     1
 90
       50
176
     1
290
     0
176
     1
 90
       50
176
     1
 62
   256
176
     0
 40
1.0
176
     0
 90
        2
176
     1
  1
strokes_ogs.tif
176
     1
290
     0
176
     1
 40
1.0
176
     1
 40
1.0
176
     1
  0
VISUALSTYLE
  5
115
102
{ACAD_REACTORS
330
10F
102
}
330
10F
100
AcDbVisualStyle
  2
Wireframe
 70
     5
177
     3
291
     0
 70
    58
 90
        0
176
     1
 90
        2
176
     1
 90
        0
176
     1
 90
        0
176
     1
 40
0.6
176
     1
 40
30.0
176
     1
 62
     7
420
 16777215
176
     1
 90
        1
176
     1
 90
        4
176
     1
 62
     7
176
     1
 62
   257
176
     1
 90
        1
176
     1
 90
        1
176
     1
 40
1.0
176
     1
 90
        0
176
     1
 62
   257
176
     1
 40
1.0
176
     1
 90
        1
176
     1
 90
        6
176
     1
 90
        2
176
     1
 62
     7
176
     1
 90
        3
176
     1
 90
        0
176
     1
 90
        0
176
     1
290
     0
176
     1
 90
        1
176
     1
 40
0.0
176
     1
 90
        0
176
     1
290
     0
176
     1
290
     1
176
     1
290
     1
176
     1
290
     0
176
     1
290
     0
176
     1
290
     0
176
     1
290
     0
176
     1
290
     0
176
     1
290
     0
176
     1
 90
       50
176
     1
 40
0.0
176
     1
 40
1.0
176
     1
 90
        0
176
     1
 62
    18
420
        0
176
     1
 90
       50
176
     1
 90
        3
176
     1
 62
     5
420
      255
176
     1
290
     0
176
     1
 90
       50
176
     1
 90
       50
176
     1
 90
       50
176
     1
290
     0
176
     1
 90
       50
176
     1
 62
   256
176
     0
 40
1.0
176
     0
 90
        2
176
     1
  1
strokes_ogs.tif
176
     1
290
     0
176
     1
 40
1.0
176
     1
 40
1.0
176
     1
  0
VISUALSTYLE
  5
125
102
{ACAD_REACTORS
330
10F
102
}
330
10F
100
AcDbVisualStyle
  2
X-Ray
 70
    25
177
     3
291
     0
 70
    58
 90
        2
176
     1
 90
        2
176
     1
 90
        1
176
     1
 90
        1
176
     1
 40
0.5
176
     1
 40
30.0
176
     1
 62
     7
420
 16777215
176
     1
 90
        1
176
     1
 90
        0
176
     1
 62
     7
176
     1
 62
   257
176
     1
 90
        1
176
     1
 90
        1
176
     1
 40
1.0
176
     1
 90
        8
176
     1
 62
     7
176
     1
 40
1.0
176
     1
 90
        1
176
     1
 90
        6
176
     1
 90
        2
176
     1
 62
     7
176
     1
 90
        3
176
     1
 90
        0
176
     1
 90
        0
176
     1
290
     0
176
     1
 90
       13
176
     1
 40
0.0
176
     1
 90
        0
176
     1
290
     0
176
     1
290
     1
176
     1
290
     1
176
     1
290
     0
176
     1
290
     0
176
     1
290
     0
176
     1
290
     0
176
     1
290
     0
176
     1
290
     0
176
     1
 90
       50
176
     1
 40
0.0
176
     1
 40
1.0
176
     1
 90
        0
176
     1
 62
    18
420
        0
176
     1
 90
       50
176
     1
 90
        3
176
     1
 62
     5
420
      255
176
     1
290
     0
176
     1
 90
       50
176
     1
 90
       50
176
     1
 90
       50
176
     1
290
     0
176
     1
 90
       50
176
     1
 62
   256
176
     0
 40
1.0
176
     0
 90
        2
176
     1
  1
strokes_ogs.tif
176
     1
290
     0
176
     1
 40
1.0
176
     1
 40
1.0
176
     1
  0
DICTIONARYVAR
  5
1B5
102
{ACAD_REACTORS
330
1B4
102
}
330
1B4
100
DictionaryVariables
280
     0
  1
1:1
  0
DICTIONARYVAR
  5
1BA
102
{ACAD_REACTORS
330
1B4
102
}
330
1B4
100
DictionaryVariables
280
     0
  1
Standard
  0
DICTIONARYVAR
  5
1B9
102
{ACAD_REACTORS
330
1B4
102
}
330
1B4
100
DictionaryVariables
280
     0
  1
Standard
  0
XRECORD
  5
146
102
{ACAD_REACTORS
330
144
102
}
330
144
100
AcDbXrecord
280
     1
1000
#ffffff
  0
XRECORD
  5
147
102
{ACAD_REACTORS
330
144
102
}
330
144
100
AcDbXrecord
280
     1
1000
FullColor
  0
XRECORD
  5
148
102
{ACAD_REACTORS
330
144
102
}
330
144
100
AcDbXrecord
280
     1
290
     1
  0
XRECORD
  5
149
102
{ACAD_REACTORS
330
144
102
}
330
144
100
AcDbXrecord
280
     1
290
     1
  0
XRECORD
  5
14A
102
{ACAD_REACTORS
330
144
102
}
330
144
100
AcDbXrecord
280
     1
290
     1
  0
XRECORD
  5
14B
102
{ACAD_REACTORS
330
144
102
}
330
144
100
AcDbXrecord
280
     1
290
     1
  0
XRECORD
  5
14C
102
{ACAD_REACTORS
330
144
102
}
330
144
100
AcDbXrecord
280
     1
1000
auto
  0
XRECORD
  5
14D
102
{ACAD_REACTORS
330
144
102
}
330
144
100
AcDbXrecord
280
     1
1000
auto
  0
XRECORD
  5
14E
102
{ACAD_REACTORS
330
144
102
}
330
144
100
AcDbXrecord
280
     1
1000
auto
  0
XRECORD
  5
14F
102
{ACAD_REACTORS
330
144
102
}
330
144
100
AcDbXrecord
280
     1
1000
auto
  0
XRECORD
  5
150
102
{ACAD_REACTORS
330
144
102
}
330
144
100
AcDbXrecord
280
     1
1000
auto
  0
XRECORD
  5
151
102
{ACAD_REACTORS
330
144
102
}
330
144
100
AcDbXrecord
280
     1
1000
auto
  0
XRECORD
  5
152
102
{ACAD_REACTORS
330
144
102
}
330
144
100
AcDbXrecord
280
     1
1000
auto
  0
XRECORD
  5
153
102
{ACAD_REACTORS
330
144
102
}
330
144
100
AcDbXrecord
280
     1
1000
auto
  0
XRECORD
  5
154
102
{ACAD_REACTORS
330
144
102
}
330
144
100
AcDbXrecord
280
     1
290
     0
  0
XRECORD
  5
155
102
{ACAD_REACTORS
330
144
102
}
330
144
100
AcDbXrecord
280
     1
290
     0
  0
XRECORD
  5
156
102
{ACAD_REACTORS
330
144
102
}
330
144
100
AcDbXrecord
280
     1
290
     0
  0
XRECORD
  5
157
102
{ACAD_REACTORS
330
144
102
}
330
144
100
AcDbXrecord
280
     1
290
     0
  0
XRECORD
  5
158
102
{ACAD_REACTORS
330
144
102
}
330
144
100
AcDbXrecord
280
     1
 90
    65537
  0
XRECORD
  5
159
102
{ACAD_REACTORS
330
144
102
}
330
144
100
AcDbXrecord
280
     1
 90
    65537
  0
XRECORD
  5
15A
102
{ACAD_REACTORS
330
144
102
}
330
144
100
AcDbXrecord
280
     1
 90
    65537
  0
XRECORD
  5
15B
102
{ACAD_REACTORS
330
144
102
}
330
144
100
AcDbXrecord
280
     1
 90
    65537
  0
XRECORD
  5
15C
102
{ACAD_REACTORS
330
144
102
}
330
144
100
AcDbXrecord
280
     1
1000
auto
  0
XRECORD
  5
15D
102
{ACAD_REACTORS
330
144
102
}
330
144
100
AcDbXrecord
280
     1
1000
auto
  0
XRECORD
  5
15E
102
{ACAD_REACTORS
330
144
102
}
330
144
100
AcDbXrecord
280
     1
1000
auto
  0
XRECORD
  5
15F
102
{ACAD_REACTORS
330
144
102
}
330
144
100
AcDbXrecord
280
     1
1000
auto
  0
XRECORD
  5
160
102
{ACAD_REACTORS
330
144
102
}
330
144
100
AcDbXrecord
280
     1
1000
auto
  0
XRECORD
  5
161
102
{ACAD_REACTORS
330
144
102
}
330
144
100
AcDbXrecord
280
     1
1000
auto
  0
XRECORD
  5
162
102
{ACAD_REACTORS
330
144
102
}
330
144
100
AcDbXrecord
280
     1
1000
auto
  0
XRECORD
  5
163
102
{ACAD_REACTORS
330
144
102
}
330
144
100
AcDbXrecord
280
     1
1000
auto
  0
XRECORD
  5
164
102
{ACAD_REACTORS
330
144
102
}
330
144
100
AcDbXrecord
280
     1
 90
        1
  0
XRECORD
  5
165
102
{ACAD_REACTORS
330
144
102
}
330
144
100
AcDbXrecord
280
     1
 40
10.0
  0
XRECORD
  5
166
102
{ACAD_REACTORS
330
144
102
}
330
144
100
AcDbXrecord
280
     1
 40
10.0
  0
XRECORD
  5
167
102
{ACAD_REACTORS
330
144
102
}
330
144
100
AcDbXrecord
280
     1
 40
10.0
  0
XRECORD
  5
168
102
{ACAD_REACTORS
330
144
102
}
330
144
100
AcDbXrecord
280
     1
 40
10.0
  0
XRECORD
  5
169
102
{ACAD_REACTORS
330
144
102
}
330
144
100
AcDbXrecord
280
     1
290
     0
  0
XRECORD
  5
16A
102
{ACAD_REACTORS
330
144
102
}
330
144
100
AcDbXrecord
280
     1
 90
        1
  0
XRECORD
  5
16B
102
{ACAD_REACTORS
330
144
102
}
330
144
100
AcDbXrecord
280
     1
 40
0.0
  0
XRECORD
  5
16C
102
{ACAD_REACTORS
330
144
102
}
330
144
100
AcDbXrecord
280
     1
 40
0.0
  0
XRECORD
  5
16D
102
{ACAD_REACTORS
330
144
102
}
330
144
100
AcDbXrecord
280
     1
1000
Portrait
  0
XRECORD
  5
16E
102
{ACAD_REACTORS
330
144
102
}
330
144
100
AcDbXrecord
280
     1
 40
297.0
  0
XRECORD
  5
16F
102
{ACAD_REACTORS
330
144
102
}
330
144
100
AcDbXrecord
280
     1
 40
210.0
  0
XRECORD
  5
170
102
{ACAD_REACTORS
330
144
102
}
330
144
100
AcDbXrecord
280
     1
1000
1:1
  0
XRECORD
  5
171
102
{ACAD_REACTORS
330
144
102
}
330
144
100
AcDbXrecord
280
     1
290
     1
  0
XRECORD
  5
172
102
{ACAD_REACTORS
330
144
102
}
330
144
100
AcDbXrecord
280
     1
290
     0
  0
XRECORD
  5
173
102
{ACAD_REACTORS
330
144
102
}
330
144
100
AcDbXrecord
280
     1
1000
Inside
  0
XRECORD
  5
174
102
{ACAD_REACTORS
330
144
102
}
330
144
100
AcDbXrecord
280
     1
1000
Arial,10,-1,5,50,0,0,0,0,0
  0
XRECORD
  5
175
102
{ACAD_REACTORS
330
144
102
}
330
144
100
AcDbXrecord
280
     1
1000
TopLeft
  0
XRECORD
  5
176
102
{ACAD_REACTORS
330
144
102
}
330
144
100
AcDbXrecord
280
     1
1000
3.32.2
  0
XRECORD
  5
177
102
{ACAD_REACTORS
330
144
102
}
330
144
100
AcDbXrecord
280
     1
 90
        4
  0
XRECORD
  5
178
102
{ACAD_REACTORS
330
144
102
}
330
144
100
AcDbXrecord
280
     1
  0
XRECORD
  5
179
102
{ACAD_REACTORS
330
144
102
}
330
144
100
AcDbXrecord
280
     1
 40
63.49178181204012
  0
XRECORD
  5
17A
102
{ACAD_REACTORS
330
144
102
}
330
144
100
AcDbXrecord
280
     1
 40
141.051166684355
  0
DICTIONARY
  5
1B6
330
13F
100
AcDbDictionary
280
     1
281
     1
  3
ACAD_ROUNDTRIP_2008_TABLESTYLE_CELLSTYLEMAP
360
1B7
  0
CELLSTYLEMAP
  5
1B7
102
{ACAD_REACTORS
330
1B6
102
}
330
1B6
100
AcDbCellStyleMap
 90
        3
300
CELLSTYLE
  1
TABLEFORMAT_BEGIN
 90
        5
170
     1
 91
        0
 92
    32768
 62
   257
 93
        1
300
CONTENTFORMAT
  1
CONTENTFORMAT_BEGIN
 90
        0
 91
        0
 92
        4
 93
        0
300

 40
0.0
140
1.0
 94
        5
 62
     0
340
F7
144
0.25
309
CONTENTFORMAT_END
171
     1
301
MARGIN
  1
CELLMARGIN_BEGIN
 40
0.06
 40
0.06
 40
0.06
 40
0.06
 40
0.06
 40
0.06
309
CELLMARGIN_END
 94
        6
 95
        1
302
GRIDFORMAT
  1
GRIDFORMAT_BEGIN
 90
        0
 91
        1
 62
     0
 92
       -2
340
F9
 93
        0
 40
0.045
309
GRIDFORMAT_END
 95
        2
302
GRIDFORMAT
  1
GRIDFORMAT_BEGIN
 90
        0
 91
        1
 62
     0
 92
       -2
340
F9
 93
        0
 40
0.045
309
GRIDFORMAT_END
 95
        4
302
GRIDFORMAT
  1
GRIDFORMAT_BEGIN
 90
        0
 91
        1
 62
     0
 92
       -2
340
F9
 93
        0
 40
0.045
309
GRIDFORMAT_END
 95
        8
302
GRIDFORMAT
  1
GRIDFORMAT_BEGIN
 90
        0
 91
        1
 62
     0
 92
       -2
340
F9
 93
        0
 40
0.045
309
GRIDFORMAT_END
 95
       16
302
GRIDFORMAT
  1
GRIDFORMAT_BEGIN
 90
        0
 91
        1
 62
     0
 92
       -2
340
F9
 93
        0
 40
0.045
309
GRIDFORMAT_END
 95
       32
302
GRIDFORMAT
  1
GRIDFORMAT_BEGIN
 90
        0
 91
        1
 62
     0
 92
       -2
340
F9
 93
        0
 40
0.045
309
GRIDFORMAT_END
309
TABLEFORMAT_END
  1
CELLSTYLE_BEGIN
 90
        1
 91
        1
300
_TITLE
309
CELLSTYLE_END
300
CELLSTYLE
  1
TABLEFORMAT_BEGIN
 90
        5
170
     1
 91
        0
 92
        0
 62
   257
 93
        1
300
CONTENTFORMAT
  1
CONTENTFORMAT_BEGIN
 90
        0
 91
        0
 92
        4
 93
        0
300

 40
0.0
140
1.0
 94
        5
 62
     0
340
F7
144
0.18
309
CONTENTFORMAT_END
171
     1
301
MARGIN
  1
CELLMARGIN_BEGIN
 40
0.06
 40
0.06
 40
0.06
 40
0.06
 40
0.06
 40
0.06
309
CELLMARGIN_END
 94
        6
 95
        1
302
GRIDFORMAT
  1
GRIDFORMAT_BEGIN
 90
        0
 91
        1
 62
     0
 92
       -2
340
F9
 93
        0
 40
0.045
309
GRIDFORMAT_END
 95
        2
302
GRIDFORMAT
  1
GRIDFORMAT_BEGIN
 90
        0
 91
        1
 62
     0
 92
       -2
340
F9
 93
        0
 40
0.045
309
GRIDFORMAT_END
 95
        4
302
GRIDFORMAT
  1
GRIDFORMAT_BEGIN
 90
        0
 91
        1
 62
     0
 92
       -2
340
F9
 93
        0
 40
0.045
309
GRIDFORMAT_END
 95
        8
302
GRIDFORMAT
  1
GRIDFORMAT_BEGIN
 90
        0
 91
        1
 62
     0
 92
       -2
340
F9
 93
        0
 40
0.045
309
GRIDFORMAT_END
 95
       16
302
GRIDFORMAT
  1
GRIDFORMAT_BEGIN
 90
        0
 91
        1
 62
     0
 92
       -2
340
F9
 93
        0
 40
0.045
309
GRIDFORMAT_END
 95
       32
302
GRIDFORMAT
  1
GRIDFORMAT_BEGIN
 90
        0
 91
        1
 62
     0
 92
       -2
340
F9
 93
        0
 40
0.045
309
GRIDFORMAT_END
309
TABLEFORMAT_END
  1
CELLSTYLE_BEGIN
 90
        2
 91
        1
300
_HEADER
309
CELLSTYLE_END
300
CELLSTYLE
  1
TABLEFORMAT_BEGIN
 90
        5
170
     1
 91
        0
 92
        0
 62
   257
 93
        1
300
CONTENTFORMAT
  1
CONTENTFORMAT_BEGIN
 90
        0
 91
        0
 92
        4
 93
        0
300

 40
0.0
140
1.0
 94
        2
 62
     0
340
F7
144
0.18
309
CONTENTFORMAT_END
171
     1
301
MARGIN
  1
CELLMARGIN_BEGIN
 40
0.06
 40
0.06
 40
0.06
 40
0.06
 40
0.06
 40
0.06
309
CELLMARGIN_END
 94
        6
 95
        1
302
GRIDFORMAT
  1
GRIDFORMAT_BEGIN
 90
        0
 91
        1
 62
     0
 92
       -2
340
F9
 93
        0
 40
0.045
309
GRIDFORMAT_END
 95
        2
302
GRIDFORMAT
  1
GRIDFORMAT_BEGIN
 90
        0
 91
        1
 62
     0
 92
       -2
340
F9
 93
        0
 40
0.045
309
GRIDFORMAT_END
 95
        4
302
GRIDFORMAT
  1
GRIDFORMAT_BEGIN
 90
        0
 91
        1
 62
     0
 92
       -2
340
F9
 93
        0
 40
0.045
309
GRIDFORMAT_END
 95
        8
302
GRIDFORMAT
  1
GRIDFORMAT_BEGIN
 90
        0
 91
        1
 62
     0
 92
       -2
340
F9
 93
        0
 40
0.045
309
GRIDFORMAT_END
 95
       16
302
GRIDFORMAT
  1
GRIDFORMAT_BEGIN
 90
        0
 91
        1
 62
     0
 92
       -2
340
F9
 93
        0
 40
0.045
309
GRIDFORMAT_END
 95
       32
302
GRIDFORMAT
  1
GRIDFORMAT_BEGIN
 90
        0
 91
        1
 62
     0
 92
       -2
340
F9
 93
        0
 40
0.045
309
GRIDFORMAT_END
309
TABLEFORMAT_END
  1
CELLSTYLE_BEGIN
 90
        3
 91
        2
300
_DATA
309
CELLSTYLE_END
  0
ENDSEC
  0
EOF
